"id","name","country","department","multiregional_or_nationalcd","province","district","location","other_places_involved","company_involved","type","activity","state","active_phases","time_of_dialogue","dialogue_mechanism","participation_dialogue","incident_of_violence","dialogue_after_violence","ombudsman_office","main_government","latitude","longitude","hash","createdAt","updatedAt","source"
3985,UGEL Condorcanqui,Perú,Amazonas,"",Condorcanqui,Nieva,"","","",Asuntos de gobierno regional,"",Activo,,"","","",Sí,Sí,"Colaboración, observación activa y supervisión",Gobierno regional,-4.893368665469423,-77.89002666546942,amazonas-condorcanqui-nieva--asuntos de gobierno regional-ugel condorcanqui,"2024-05-22 21:21:18","2024-05-22 21:21:18",Defensoría
3986,Colegio de Alto Rendimiento (COAR) Áncash,Perú,Áncash,"",Recuay,Cátac,"","","",Asuntos de gobierno regional,"",Activo,,"","","",Sí,Sí,"Colaboración, observación activa y supervisión",Gobierno regional,-9.923487916168076,-77.33260441616807,ancash-recuay-catac--asuntos de gobierno regional-colegio de alto rendimiento (coar) ancash,"2024-05-22 21:21:18","2024-05-22 21:21:18",Defensoría
3987,Estudiantes de la Universidad Nacional Micaela Bastidas (UNAMBA),Perú,Apurímac,"",Abancay,Tamburco,"","","",Otros asuntos,"",Activo,,Inicio,Mesa de diálogo: negociación directa,"",No,No,Solo monitoreo,Gobierno nacional,-13.58686777585962,-72.87643777585961,apurimac-abancay-tamburco--otros asuntos-estudiantes de la universidad nacional micaela bastidas (unamba),"2024-05-22 21:21:18","2024-05-22 21:21:18",Defensoría
3988,I.E. Juan Espinoza Medrano – UGEL Andahuaylas,Perú,Apurímac,"",Andahuaylas,Andahuaylas,"","","",Otros asuntos,"",Activo,,"","","",Sí,Sí,"Colaboración, observación activa y supervisión",Gobierno local,-13.7643397657548,-73.3400687657548,apurimac-andahuaylas-andahuaylas--otros asuntos-i.e. juan espinoza medrano – ugel andahuaylas,"2024-05-22 21:21:18","2024-05-22 21:21:18",Defensoría
3989,Federación Universitaria de la UNSCH,Perú,Ayacucho,"",Huamanga,"","","","",Otros asuntos,"",Activo,,"","","",Sí,"","Colaboración, observación activa y supervisión",Gobierno regional,-13.164796946720042,-74.22448734672004,ayacucho-huamanga---otros asuntos-federacion universitaria de la unsch,"2024-05-22 21:21:18","2024-05-22 21:21:18",Defensoría
3990,Empresa Consettur,Perú,Cusco,"",Urubamba,Machupicchu,"","","",Otros asuntos,"",Activo,,"","","",No,"",Solo monitoreo,Poder judicial,-13.217707387387236,-72.49341238738724,cusco-urubamba-machupicchu--otros asuntos-empresa consettur,"2024-05-22 21:21:18","2024-05-22 21:21:18",Defensoría
3991,Asfaltado de carretera Huancavelica – Yauli – Pucapampa (tramo I),Perú,Huancavelica,"",Huancavelica,Yauli,"",""," China Railway Tunnel Group Co., Ltd. Sucursal del Perú. ",Asuntos de gobierno regional,"",Activo,,En progreso,Mesa de diálogo: negociación mediada o asistida,Colaborador,Sí,Sí,"Colaboración, observación activa y supervisión",Gobierno regional,-12.818928539745775,-74.82171853974577,huancavelica-huancavelica-yauli--asuntos de gobierno regional-asfaltado de carretera huancavelica – yauli – pucapampa (tramo i),"2024-05-22 21:21:18","2024-05-22 21:21:18",Defensoría
3992,Mercado de Paucarbamba,Perú,Huánuco,"",Huánuco,Amarilis,"","","",Asuntos de gobierno regional,"",Activo,,"","","",No,"","Colaboración, observación activa y supervisión",Gobierno regional,-9.953552191357279,-76.18298119135727,huanuco-huanuco-amarilis--asuntos de gobierno regional-mercado de paucarbamba,"2024-05-22 21:21:18","2024-05-22 21:21:18",Defensoría
3993,Agricultores de Huánuco,Perú,Huánuco,"","","","","","",Asuntos de gobierno regional,"",Activo,,"","","",Sí,Sí,"Colaboración, observación activa y supervisión",Gobierno regional,-9.921044220730364,-76.24136372073036,huanuco----asuntos de gobierno regional-agricultores de huanuco,"2024-05-22 21:21:18","2024-05-22 21:21:18",Defensoría
3994,Río Cunas - Proyecto Yanacocha,Perú,Junín,"","","","","Región Junín, provincias de Concepción y Chupaca.","",Asuntos de gobierno regional,"",Activo,,"","","",Sí,Sí,"Colaboración, observación activa y supervisión",Gobierno regional,-11.158996760019432,-75.99343486001943,junin----asuntos de gobierno regional-rio cunas - proyecto yanacocha,"2024-05-22 21:21:18","2024-05-22 21:21:18",Defensoría
3995,Pucalá,Perú,Lambayeque,"",Chiclayo,Pucala,"","","",Otros asuntos,"",Activo,,"","","",Sí,No,"Colaboración, observación activa y supervisión",Poder judicial,-6.770246586761333,-79.85515748676133,lambayeque-chiclayo-pucala--otros asuntos-pucala,"2024-05-22 21:21:18","2024-05-22 21:21:18",Defensoría
3996,CORMI - UGEL,Perú,Loreto,"",Datem del Marañón,"","","","",Asuntos de gobierno regional,"",Activo,,En progreso,Mesa de diálogo: negociación directa,"",No,No,"Colaboración, observación activa y supervisión",Gobierno regional,-4.829186935962489,-76.55494343596249,loreto-datem del maranon---asuntos de gobierno regional-cormi - ugel,"2024-05-22 21:21:18","2024-05-22 21:21:18",Defensoría
3997,Honoria y Campoverde - Bosques Silvestres S.A.C.,Perú,Huánuco,Multiregión,Puerto Inca,Honoria,Centro poblado San Juan de Semuya,"Región de Ucayali, provincia de Coronel Portillo, distrito de Campo Verde",Bosques Silvestres S.A.C.,Asuntos de gobierno regional,"",Activo,,En progreso,Mesa de diálogo: negociación mediada o asistida,Colaborador,Sí,No,"Colaboración, observación activa y supervisión",Gobierno regional,-8.750547541707084,-74.7097225417071,huanuco-puerto inca-honoria--asuntos de gobierno regional-honoria y campoverde - bosques silvestres s.a.c.,"2024-05-22 21:21:18","2024-05-22 21:21:18",Defensoría
3998,La Tortuga - Olympic,Perú,Piura,"",Paita,"","","",Olympic Perú Inc.,Socioambiental,Hidrocarburos,Activo,,Suspendido,Mesa de diálogo: negociación mediada o asistida,Colaborador,Sí,Sí,"Colaboración, observación activa y supervisión",Gobierno regional,-5.093562956460884,-81.09593135646088,piura-paita--hidrocarburos-socioambiental-la tortuga - olympic,"2024-05-22 21:21:18","2024-05-22 21:21:18",Defensoría
3999,La Huaca - Agroaurora,Perú,Piura,"",Paita,La Huaca,"","",Agroaurora S.A.C.,Socioambiental,Agroindustrial,Activo,,Suspendido,Mesa de diálogo: negociación mediada o asistida,Colaborador,No,No,"Colaboración, observación activa y supervisión",Gobierno nacional,-5.081667267732859,-80.92222926773286,piura-paita-la huaca-agroindustrial-socioambiental-la huaca - agroaurora,"2024-05-22 21:21:18","2024-05-22 21:21:18",Defensoría
4000,Federación Nacional Unificada de Trabajadores del Sector Salud (FENUTSSA) región Piura,Perú,Piura,"",Piura,Piura ,"","","",Asuntos de gobierno regional,"",Activo,,"","","",No,No,"Colaboración, observación activa y supervisión",Gobierno regional,-5.078598480687017,-80.67999748068702,piura-piura-piura--asuntos de gobierno regional-federacion nacional unificada de trabajadores del sector salud (fenutssa) region piura,"2024-05-22 21:21:18","2024-05-22 21:21:18",Defensoría
4001,Junta de Usuarios del Sector Hidráulico del Valle Alto Piura,Perú,Piura,"",Morropón,Chulucanas,"","","",Asuntos de gobierno regional,"",Activo,,"","","",Sí,Sí,"Colaboración, observación activa y supervisión",Gobierno regional,-5.1299918649884715,-80.17166686498847,piura-morropon-chulucanas--asuntos de gobierno regional-junta de usuarios del sector hidraulico del valle alto piura,"2024-05-22 21:21:18","2024-05-22 21:21:18",Defensoría
4002,Organizaciones sociales de Ayabaca,Perú,Piura,"",Ayabaca,Ayabaca,"","","",Asuntos de gobierno regional,"",Activo,,"","","",Sí,Sí,"Colaboración, observación activa y supervisión",Gobierno regional,-4.68524552701448,-79.61924202701447,piura-ayabaca-ayabaca--asuntos de gobierno regional-organizaciones sociales de ayabaca,"2024-05-22 21:21:18","2024-05-22 21:21:18",Defensoría
4003,Las Lomas,Perú,Piura,"",Piura,Las Lomas,"","","",Asuntos de gobierno regional,"",Activo,,En progreso,Mesa de diálogo: negociación mediada o asistida,Colaborador,Sí,Sí,"Colaboración, observación activa y supervisión",Gobierno regional,-4.720741414203632,-80.17370541420362,piura-piura-las lomas--asuntos de gobierno regional-las lomas,"2024-05-22 21:21:18","2024-05-22 21:21:18",Defensoría
4004,Colegio Huáscar,Perú,Puno,"",Puno,Puno,"","","",Otros asuntos,"",Latente,,"","","",No,"",Mediaciones / Facilitaciones,Gobierno regional,-15.898112851431808,-70.0520953514318,puno-puno-puno--otros asuntos-colegio huascar,"2024-05-22 21:21:18","2024-05-22 21:21:18",Defensoría
4005,Agricutores de hoja de coca de Puno,Perú,Puno,"",Carabaya,San Gabán,"","","",Cultivo ilegal de hoja de coca,"",Activo,,Suspendido,Mesa de diálogo: negociación mediada o asistida,"",Sí,Sí,"Colaboración, observación activa y supervisión",Gobierno nacional,-13.53572339818938,-70.38631989818938,puno-carabaya-san gaban--cultivo ilegal de hoja de coca-agricutores de hoja de coca de puno,"2024-05-22 21:21:18","2024-05-22 21:21:18",Defensoría
4006,Hospital materno infantil de Juliaca,Perú,Puno,"",San Román,Juliaca,"","","",Asuntos de gobierno regional,"",Activo,,"","","",Sí,No,Solo Monitoreo,Gobierno regional,-15.44441548801624,-70.18242898801623,puno-san roman-juliaca--asuntos de gobierno regional-hospital materno infantil de juliaca,"2024-05-22 21:21:18","2024-05-22 21:21:18",Defensoría
4007,Sindicato de trabajadores técnicos asistenciales de salud (SITPASS),Perú,San Martín,"",Mariscal Cáceres,Juanjui,"","","",Asuntos de gobierno regional,"",Activo,,"","","",No,No,"Colaboración, observación activa y supervisión",Gobierno regional,-7.223359657321381,-76.78791415732137,san martin-mariscal caceres-juanjui--asuntos de gobierno regional-sindicato de trabajadores tecnicos asistenciales de salud (sitpass),"2024-05-22 21:21:18","2024-05-22 21:21:18",Defensoría
4008,San Jacinto - Presa Laminadora de Higuerón,Perú,Tumbes,"",Tumbes,San Jacinto,"C.P. Higuerón, C.P. Rica Playa, C.P. La Capitana, C.P. Tablazo de Rica Playa","","",Socioambiental,Otros,Activo,,En progreso,Mesa de diálogo: negociación directa,Colaborador,No,"","Colaboración, observación activa y supervisión",Gobierno nacional,-3.927652175123287,-80.53169417512329,tumbes-tumbes-san jacinto-otros-socioambiental-san jacinto - presa laminadora de higueron,"2024-05-22 21:21:18","2024-05-22 21:21:18",Defensoría
4009,Población de Roble – Movistar,Perú,Huancavelica,"",Tayacaja,Roble,C.C. Puerto San Antonio,"",Telefónica del Perú S.A.A. (Movistar),Otros asuntos,"",Latente,,"","","",Sí,No,Solo monitoreo,Gobierno nacional,-12.400720427363309,-74.86857062736331,huancavelica-tayacaja-roble--otros asuntos-poblacion de roble – movistar,"2024-05-22 21:21:18","2024-05-22 21:21:18",Defensoría
4010,Estudiantes de la Universidad Nacional de Huancavelica (UNH),Perú,Huancavelica,"",Huancavelica,Huancavelica,"","","",Otros asuntos,"",Latente,,"","","",Sí,Sí,"Colaboración, observación activa y supervisión",Gobierno nacional,-12.840227978764673,-75.12737547876468,huancavelica-huancavelica-huancavelica--otros asuntos-estudiantes de la universidad nacional de huancavelica (unh),"2024-05-22 21:21:18","2024-05-22 21:21:18",Defensoría
4011,Organizaciones sociales y sindicales de Huánuco,Perú,Huánuco,"","","","","","",Asuntos de gobierno regional,"",Latente,,"","","",Sí,Sí,"Colaboración, observación activa y supervisión",Gobierno regional,-9.92206083483711,-76.24238033483711,huanuco----asuntos de gobierno regional-organizaciones sociales y sindicales de huanuco,"2024-05-22 21:21:18","2024-05-22 21:21:18",Defensoría
4012,FEDEAGRAAA-GORE Loreto,Perú,Loreto,"",Loreto,Yurimaguas,"","","",Asuntos de gobierno regional,"",Latente,,"","","",No,No,Solo monitoreo,Gobierno regional,-4.232851970779657,-74.21831167077967,loreto-loreto-yurimaguas--asuntos de gobierno regional-fedeagraaa-gore loreto,"2024-05-22 21:21:18","2024-05-22 21:21:18",Defensoría
4013,Río Blanco (ex Majaz),Perú,Piura,"",Huancabamba,El Carmen de la Frontera,"","",Río Blanco Copper S.A.,Socioambiental,Minería,Latente,,"","","",Sí,"","Colaboración, observación activa y supervisión",Gobierno nacional,-5.009339818153368,-79.35606181815338,piura-huancabamba-el carmen de la frontera-mineria-socioambiental-rio blanco (ex majaz),"2024-05-22 21:21:18","2024-05-22 21:21:18",Defensoría
4014,Damnificados Cura Mori,Perú,Piura,"",Piura,Cura Mori,"","","",Asuntos de gobierno regional,"",Latente,,"","","",Sí,Sí,"Colaboración, observación activa y supervisión",Gobierno regional,-5.3637708679465455,-80.59706936794655,piura-piura-cura mori--asuntos de gobierno regional-damnificados cura mori,"2024-05-22 21:21:18","2024-05-22 21:21:18",Defensoría
4015,CC Carmen Alto - Minera Las Bambas,Perú,Apurímac,"",Cotabambas,Challhuahuacho,CC Carmen Alto,"",Minera Las Bambas,Socioambiental,Minería,Activo,,En progreso,Mesa de diálogo: negociación mediada o asistida,Intermediador,Sí,Sí,"Colaboración, observación activa y supervisión",Gobierno nacional,-14.178438320437929,-72.31213682043791,apurimac-cotabambas-challhuahuacho-mineria-socioambiental-cc carmen alto - minera las bambas,"2024-05-22 21:21:18","2024-05-22 21:21:18",Defensoría
4016,CC Chila - Las Bambas,Perú,Apurímac,"",Cotabambas,Challhuahuacho,"","",Minera Las Bambas S.A.,Socioambiental,Minería,Activo,,En progreso,Mesa de diálogo: negociación mediada o asistida,Colaborador,No,"","Colaboración, observación activa y supervisión",Gobierno nacional,-14.178909299939864,-72.31260779993985,apurimac-cotabambas-challhuahuacho-mineria-socioambiental-cc chila - las bambas,"2024-05-22 21:21:18","2024-05-22 21:21:18",Defensoría
4017,CC Chuicuni - Las Bambas,Perú,Apurímac,"",Cotabambas,Challhuahuacho,"","",Minera Las Bambas S.A.,Socioambiental,Minería,Activo,,En progreso,Mesa de diálogo: negociación mediada o asistida,Colaborador,No,"","Colaboración, observación activa y supervisión",Gobierno nacional,-14.178210761392544,-72.31190926139253,apurimac-cotabambas-challhuahuacho-mineria-socioambiental-cc chuicuni - las bambas,"2024-05-22 21:21:18","2024-05-22 21:21:18",Defensoría
4018,CC Huancuire - Minera Las Bambas,Perú,Apurímac,"",Cotabambas,Coyllurqui,Sector Chalcobamba,"",Minera Las Bambas S.A.,Socioambiental,Minería,Activo,,En progreso,Mesa de diálogo: negociación mediada o asistida,Colaborador,Sí,No,"Colaboración, observación activa y supervisión",Gobierno nacional,-13.923103336020798,-72.3925553360208,apurimac-cotabambas-coyllurqui-mineria-socioambiental-cc huancuire - minera las bambas,"2024-05-22 21:21:18","2024-05-22 21:21:18",Defensoría
4019,Mara - corredor minero,Perú,Apurímac,"",Cotabambas,Mara,"","",Minera Las Bambas S.A.,Socioambiental,Minería,Activo,,En progreso,Mesa de diálogo: negociación directa,Colaborador,Sí,"","Colaboración, observación activa y supervisión",Gobierno nacional,-14.135985585248621,-72.17961858524862,apurimac-cotabambas-mara-mineria-socioambiental-mara - corredor minero,"2024-05-22 21:21:18","2024-05-22 21:21:18",Defensoría
4020,CC Fuerabamba - Minera Las Bambas,Perú,Apurímac,"",Cotabambas,Challhuahuacho,Nueva Fuerabamba,"Región Cusco, provincia de Chumbivilcas, distrito de Colquemarca, Fundo Yavi Yavi",Minera Las Bambas S.A.,Socioambiental,Minería,Activo,,En progreso,Mesa de diálogo: negociación mediada o asistida,Colaborador,Sí,Sí,"Colaboración, observación activa y supervisión",Gobierno nacional,-14.178175904304048,-72.31187440430404,apurimac-cotabambas-challhuahuacho-mineria-socioambiental-cc fuerabamba - minera las bambas,"2024-05-22 21:21:18","2024-05-22 21:21:18",Defensoría
4021,Cotabambas - Minera Las Bambas (Antes Xstrata),Perú,Apurímac,"",Cotabambas,"","","",Minera Las Bambas S.A.,Socioambiental,Minería,Activo,,En progreso,Mesa de diálogo: negociación mediada o asistida,Promotor,Sí,Sí,"Colaboración, observación activa y supervisión",Gobierno nacional,-13.755804712225396,-72.3623267122254,apurimac-cotabambas--mineria-socioambiental-cotabambas - minera las bambas (antes xstrata),"2024-05-22 21:21:18","2024-05-22 21:21:18",Defensoría
4022,Chetilla - Colpayoc,Perú,Cajamarca,Cajamarca,Cajamarca,Chetilla,Chetilla,"Región Cajamarca, Provincia de Cajamarca, Distrito de Chetilla",Colpayoc S.A.C.,Socioambiental,Minería,Activo,,"","","",No,No,Solo monitoreo,Gobierno nacional,-7.134561106557706,-78.65516460655772,cajamarca-cajamarca-chetilla-mineria-socioambiental-chetilla - colpayoc,"2024-05-22 21:21:18","2024-05-22 21:21:18",Defensoría
4023,Tres Tingos – Quinua Totora - Minera Yanacocha,Perú,Cajamarca,"",Cajamarca,Los Baños del Inca,Centros poblados Huacataz y Otuzco,"",Minera Yanacocha S.A.,Socioambiental,Minería,Activo,,Suspendido,Mesa de diálogo: negociación directa,"",Sí,"",Solo monitoreo,Gobierno nacional,-7.081746722412943,-78.43446622241294,cajamarca-cajamarca-los banos del inca-mineria-socioambiental-tres tingos – quinua totora - minera yanacocha,"2024-05-22 21:21:18","2024-05-22 21:21:18",Defensoría
4024,Hualgayoc - Pasivos ambientales,Perú,Cajamarca,"",Hualgayoc,"","","","",Socioambiental,Minería,Activo,,"","","",No,"","Colaboración, observación activa y supervisión",Gobierno nacional,-6.763506513148827,-78.60654571314883,cajamarca-hualgayoc--mineria-socioambiental-hualgayoc - pasivos ambientales,"2024-05-22 21:21:18","2024-05-22 21:21:18",Defensoría
4025,Hualgayoc - Gold Fields La Cima,Perú,Cajamarca,"",Hualgayoc,Hualgayoc,"","",Gold Fields La Cima S.A.A.,Socioambiental,Minería,Activo,,En progreso,Mesa de diálogo: negociación directa,Colaborador,Sí,"",Solo Monitoreo,Gobierno nacional,-6.760937001297594,-78.60742350129759,cajamarca-hualgayoc-hualgayoc-mineria-socioambiental-hualgayoc - gold fields la cima,"2024-05-22 21:21:18","2024-05-22 21:21:18",Defensoría
4026,Ronda Los Alisos - Compañía Minera La Poderosa,Perú,La Libertad,"",Pataz,"","Comunidad Campesina Los andes, Ronda Campesina Distrital de Pataz, Ronda Campesina del Anexo Pueblo Nuevo, Ronda Campesina del Anexo Los Alisos ","",Compañía Minera Poderosa S.A.,Socioambiental,Minería,Activo,,"","","",Sí,No,Solo monitoreo,Gobierno nacional,-7.788739100003905,-77.59588680000391,la libertad-pataz--mineria-socioambiental-ronda los alisos - compania minera la poderosa,"2024-05-22 21:21:18","2024-05-22 21:21:18",Defensoría
4027,Rondas campesinas de La Libertad,Perú,La Libertad,"",Santiago de Chuco,"","","Provincias de Otuzco, Virú, Gran Chimu, Sánchez Carrión, Pataz, Trujillo",Unidad Minera Quiruvilca,Socioambiental,Minería,Activo,,Suspendido,Mesa de diálogo: negociación mediada o asistida,Colaborador,Sí,Sí,"Colaboración, observación activa y supervisión",Gobierno nacional,-8.14565955929714,-78.17089485929715,la libertad-santiago de chuco--mineria-socioambiental-rondas campesinas de la libertad,"2024-05-22 21:21:18","2024-05-22 21:21:18",Defensoría
4028,Haquira - Anabi (Utunsa),Perú,Apurímac,"",Cotabambas,Haquira,"CC.CC. Pampa San José, Patán, Huanccasca, Patahuasi, Cchocha, Llaj-Husa, Haquira, Ccallao, etc.","",Empresa Minera Anabi S.A.C. - Grupo Aruntani,Socioambiental,Minería,Latente,,"","","",Sí,Sí,"Colaboración, observación activa y supervisión",Gobierno nacional,-14.274456170850094,-72.2126486708501,apurimac-cotabambas-haquira-mineria-socioambiental-haquira - anabi (utunsa),"2024-05-22 21:21:18","2024-05-22 21:21:18",Defensoría
4029,Tiaparo - Tapayrihua - SPCC (Los Chancas),Perú,Apurímac,"",Aymaraes,Pocohuanca,"C.C. Tiaparo, C.C. Tapayrihua","Región Apurímac, provincia de Aymaraes, Distrito de Tapairihua",Southern Perú Copper Corporation,Socioambiental,Minería,Latente,,"","","",Sí,Sí,Solo monitoreo,Gobierno nacional,-14.228956200163253,-73.08445370016327,apurimac-aymaraes-pocohuanca-mineria-socioambiental-tiaparo - tapayrihua - spcc (los chancas),"2024-05-22 21:21:18","2024-05-22 21:21:18",Defensoría
4030,Chugur – Anta Norte S.A.,Perú,Cajamarca,"",Hualgayoc,Chugur,Centro poblado Tranca de Pujupe,"",Anta Norte S.A.C.,Socioambiental,Minería,Latente,,"","","",Sí,Sí,Solo monitoreo,Gobierno nacional,-6.689849739518278,-78.71122323951828,cajamarca-hualgayoc-chugur-mineria-socioambiental-chugur – anta norte s.a.,"2024-05-22 21:21:18","2024-05-22 21:21:18",Defensoría
4031,Proyecto minero Conga,Perú,Cajamarca,"",Celendín,Sorochuco,"","Región Cajamarca, provincia de Celendín, distrito de Huasmín
 Región Cajamarca, provincia de Cajamarca, distrito de Encañada","Minera Yanacocha S.R.L. - Newmont, Buenaventura e IFC",Socioambiental,Minería,Latente,,"","","",Sí,"",Solo Monitoreo,Gobierno nacional,-6.943193092682675,-78.30517209268267,cajamarca-celendin-sorochuco-mineria-socioambiental-proyecto minero conga,"2024-05-22 21:21:18","2024-05-22 21:21:18",Defensoría
4032,Caserío Shiracmaca - Summa Gold,Perú,La Libertad,"",Sánchez Carrión,Huamachuco,Caserío Shiracmaca,"",Empresa Minera Summa Gold Corporation S.A.C.,Socioambiental,Minería,Resuelto,,"","","",Sí,Sí,"Colaboración, observación activa y supervisión",Gobierno regional,-7.825840824762335,-78.03299082476234,la libertad-sanchez carrion-huamachuco-mineria-socioambiental-caserio shiracmaca - summa gold,"2024-05-22 21:21:18","2024-05-22 21:21:18",Defensoría
4033,Santa Cruz de Chuca - Fresnillo Perú,Perú,La Libertad,"",Santiago de Chuco,Santa Cruz de Chuca,"","",Fresnillo Perú S.A.C.,Socioambiental,Minería,Latente,,"","","",No,"","Colaboración, observación activa y supervisión",Gobierno regional,-8.186861118252844,-78.08967861825285,la libertad-santiago de chuco-santa cruz de chuca-mineria-socioambiental-santa cruz de chuca - fresnillo peru,"2024-05-22 21:21:18","2024-05-22 21:21:18",Defensoría
4034,Empresas “ECOSAMIN” y “CHOCO QORIWAYRA” - mineros informales,Perú,Arequipa,"",Castilla,Choco,"","","",Socioambiental,Minería,Activo,,"","","",Sí,Sí,Solo monitoreo,Gobierno regional,-15.422555383594814,-72.06914538359483,arequipa-castilla-choco-mineria-socioambiental-empresas “ecosamin” y “choco qoriwayra” - mineros informales,"2024-05-22 21:21:18","2024-05-22 21:21:18",Defensoría
4035,Mineros Informales - Intigold,Perú,Arequipa,"",Caravelí,Atico,"","",Intigold Mining S.A.,Socioambiental,Minería,Activo,,"","","",Sí,"",Solo monitoreo,Gobierno regional,-16.07061889297741,-73.5491698929774,arequipa-caraveli-atico-mineria-socioambiental-mineros informales - intigold,"2024-05-22 21:21:18","2024-05-22 21:21:18",Defensoría
4036,Tía María - Islay,Perú,Arequipa,"",Islay,Cocachacra,"","Región Arequipa, provincia de Islay, distrito de Deán Valdivia
  Región Arequipa, provincia de Islay, distrito de Punta de Bombón",Southern Perú Copper Corporation,Socioambiental,Minería,Activo,,"","","",Sí,No,"Colaboración, observación activa y supervisión",Gobierno nacional,-16.900939200519936,-71.59852420051993,arequipa-islay-cocachacra-mineria-socioambiental-tia maria - islay,"2024-05-22 21:21:18","2024-05-22 21:21:18",Defensoría
4037,Huanta – pequeña minería,Perú,Ayacucho,"",Huanta,Huanta,"","","",Socioambiental,Minería,Activo,,Inicio,Mesa de diálogo: negociación mediada o asistida,Colaborador,Sí,Sí,"Colaboración, observación activa y supervisión",Gobierno nacional,-12.830887578623324,-74.14502107862332,ayacucho-huanta-huanta-mineria-socioambiental-huanta – pequena mineria,"2024-05-22 21:21:18","2024-05-22 21:21:18",Defensoría
4038,Anexo Huancute - Cía minera Ares,Perú,Ayacucho,"",Parinacochas,San Francisco de Ravacayco,Centro poblado Huancute ,"",Compañía Minera Ares S.A.C.,Socioambiental,Minería,Activo,,En progreso,Mesa de diálogo: negociación mediada o asistida,Colaborador,Sí,"","Colaboración, observación activa y supervisión",Gobierno nacional,-14.993054971728316,-73.35759647172831,ayacucho-parinacochas-san francisco de ravacayco-mineria-socioambiental-anexo huancute - cia minera ares,"2024-05-22 21:21:18","2024-05-22 21:21:18",Defensoría
4039,CC  Huallhua - Cía minera Ares ,Perú,Ayacucho,"",Paucar del Sara Sara,San Javier de Alpabamba,Comunidad campesina de Huallhua,"",Compañía Minera Ares S.A.C.,Socioambiental,Minería,Activo,,En progreso,Mesa de diálogo: negociación mediada o asistida,Colaborador,Sí,"","Colaboración, observación activa y supervisión",Gobierno nacional,-15.050587471437172,-73.29657847143717,ayacucho-paucar del sara sara-san javier de alpabamba-mineria-socioambiental-cc  huallhua - cia minera ares,"2024-05-22 21:21:18","2024-05-22 21:21:18",Defensoría
4040,Chiquintirca - TGP,Perú,Ayacucho,"",La Mar,Anco,C.C. Chiquintirca,"",Transportadora de Gas del Perú S.A.,Socioambiental,Hidrocarburos,Activo,,En progreso,Mesa de diálogo: negociación mediada o asistida,Colaborador,No,"",Solo monitoreo,Gobierno nacional,-13.012163524373069,-73.65989002437307,ayacucho-la mar-anco-hidrocarburos-socioambiental-chiquintirca - tgp,"2024-05-22 21:21:18","2024-05-22 21:21:18",Defensoría
4041,FREDASUR - Catalina Huanca,Perú,Ayacucho,"",Huanca Sancos,"","","Región Ayacucho, provincia de Víctor Fajardo
 Región Ayacucho, provincia de Sucre",Catalina Huanca Sociedad Minera S.A.C.,Socioambiental,Minería,Activo,,"","","",Sí,Sí,Solo monitoreo,Gobierno regional,-13.920791414186299,-74.3351016141863,ayacucho-huanca sancos--mineria-socioambiental-fredasur - catalina huanca,"2024-05-22 21:21:18","2024-05-22 21:21:18",Defensoría
4042,Velille - Las Bambas,Perú,Cusco,Cusco,Chumbivilcas,Velille,Velille,"8 comunidades",Las Bambas,Socioambiental,Minería,Activo,,En progreso,Mesa de diálogo: negociación mediada o asistida,Colaborador,Sí,"",Solo monitoreo,Gobierno nacional,-14.541032990849734,-71.86118649084973,cusco-chumbivilcas-velille-mineria-socioambiental-velille - las bambas,"2024-05-22 21:21:18","2024-05-22 21:21:18",Defensoría
4043,Comunidades Coporaque - Las Bambas,Perú,Cusco,"",Espinar,Coporaque,"","",Minera Las Bambas S.A.,Socioambiental,Minería,Activo,,En progreso,Mesa de diálogo: negociación mediada o asistida,"",Sí,Sí,Solo monitoreo,Gobierno nacional,-14.76750272972055,-71.66831422972055,cusco-espinar-coporaque-mineria-socioambiental-comunidades coporaque - las bambas,"2024-05-22 21:21:18","2024-05-22 21:21:18",Defensoría
4044,Botadero Haquira (II),Perú,Cusco,"",Cusco,Santiago,Comunidad campesina de Haquira,"","",Socioambiental,Residuos y saneamiento,Activo,,En progreso,Mesa de diálogo: negociación directa,Colaborador,Sí,Sí,"Colaboración, observación activa y supervisión",Gobierno local,-13.570157250894415,-71.97363175089441,cusco-cusco-santiago-residuos y saneamiento-socioambiental-botadero haquira (ii),"2024-05-22 21:21:18","2024-05-22 21:21:18",Defensoría
4045,CC Urinsaya - Minera Las Bambas,Perú,Cusco,"",Espinar,Coporaque,CC Urinsaya,"",Minera Las Bambas S.A.,Socioambiental,Minería,Activo,,En progreso,Mesa de diálogo: negociación mediada o asistida,"",Sí,No,Solo monitoreo,Gobierno nacional,-14.767615027428903,-71.66842652742889,cusco-espinar-coporaque-mineria-socioambiental-cc urinsaya - minera las bambas,"2024-05-22 21:21:18","2024-05-22 21:21:18",Defensoría
4046,"CC Pumallaqta, CC Quiñota, CC Ccollana, CC Hatta Pallpa Pallpa  - Minera Anabi",Perú,Cusco,"",Chumbivilcas,Quiñota,CC Pumallaqta,"",Empresa Minera Anabi S.A.C.,Socioambiental,Minería,Activo,,Inicio,Mesa de diálogo: negociación mediada o asistida,"",Sí,Sí,Solo monitoreo,Gobierno nacional,-14.369658814201733,-72.20623331420174,"cusco-chumbivilcas-quinota-mineria-socioambiental-cc pumallaqta, cc quinota, cc ccollana, cc hatta pallpa pallpa  - minera anabi","2024-05-22 21:21:18","2024-05-22 21:21:18",Defensoría
4047,CN Camaná - TGP,Perú,Cusco,"",La Convención,Megantoni,CN Camana,"",Transportadora de Gas del Perú S.A.,Socioambiental,Hidrocarburos,Activo,,En progreso,Mesa de diálogo: negociación mediada o asistida,"",No,No,Solo monitoreo,Gobierno nacional,-12.863507067455139,-72.69126886745514,cusco-la convencion-megantoni-hidrocarburos-socioambiental-cn camana - tgp,"2024-05-22 21:21:18","2024-05-22 21:21:18",Defensoría
4048,"14 CC.CC. Chumbivilcas - Minera Las Bambas",Perú,Cusco,"",Chumbivilcas,Colquemarca,"C.C. Cruz Pampa, C.C. Cancahuani, C.C. Lacca-Lacca Yanque Parcobamba, C.C. Huininquiri, C.C. Ahuichanta Huisuray, C.C. Idiopa Ñaupa Hapo Urinsaya, C.C. Tincurca Laccaya, C.C.Tuntuma, C.C. Ccollana, C.C. Huaylla Huaylla, C.C.Huascabamba, C.C. Sayhua, C.C. Ccapacmarca, C.C. Tahuay","Región Cusco, provincia de Chumbivilcas, distrito de Chamaca
 Región Cusco, provincia de Chumbivilcas, distrito de Capacmarca
 Región Cusco, provincia de Chumbivilcas, distrito de Chamaca
 Región Cusco, provincia de Chumbivilcas, distrito de Livitaca
 Región Cusco, provincia de Chumbivilcas, distrito de Velille",Minera Las Bambas,Socioambiental,Minería,Activo,,En progreso,Mesa de diálogo: negociación mediada o asistida,"",Sí,Sí,Solo monitoreo,Gobierno nacional,-14.244907232546572,-72.01470723254657,cusco-chumbivilcas-colquemarca-mineria-socioambiental-14 cc.cc. chumbivilcas - minera las bambas,"2024-05-22 21:21:18","2024-05-22 21:21:18",Defensoría
4049,"10 CC Pallpata - Antapaccay",Perú,Cusco,"",Espinar,Pallpata,"","Región Cusco, provincia de Espinar, distritos de Alto Pichigua, Pichigua, Condoroma y Ocoruro",Compañía Minera Antapaccay S.A.,Socioambiental,Minería,Activo,,Suspendido,Reuniones preparatorias para el diálogo,Colaborador,Sí,No,"Colaboración, observación activa y supervisión",Gobierno nacional,-14.944794650833044,-71.13244565083305,cusco-espinar-pallpata-mineria-socioambiental-10 cc pallpata - antapaccay,"2024-05-22 21:21:18","2024-05-22 21:21:18",Defensoría
4050,"13 CC Espinar - Antapaccay",Perú,Cusco,"",Espinar,Espinar,"","",Compañía Minera Antapaccay S.A.,Socioambiental,Minería,Activo,,En progreso,Reuniones preparatorias para el diálogo,"",Sí,Sí,Solo monitoreo,Gobierno nacional,-14.914152758724946,-71.35198975872495,cusco-espinar-espinar-mineria-socioambiental-13 cc espinar - antapaccay,"2024-05-22 21:21:18","2024-05-22 21:21:18",Defensoría
4051,Chumbivilcas - Minera Las Bambas (II),Perú,Cusco,"",Chumbivilcas,"","","",Minera Las Bambas S.A.,Socioambiental,Minería,Activo,,En progreso,Mesa de diálogo: negociación mediada o asistida,Colaborador,Sí,"","Colaboración, observación activa y supervisión",Gobierno nacional,-14.448272874390048,-72.08005987439005,cusco-chumbivilcas--mineria-socioambiental-chumbivilcas - minera las bambas (ii),"2024-05-22 21:21:18","2024-05-22 21:21:18",Defensoría
4052,Paruro - Minera Las Bambas,Perú,Cusco,"",Paruro,"","","",Minera Las Bambas S.A.,Socioambiental,Minería,Activo,,En progreso,Mesa de diálogo: negociación mediada o asistida,"",Sí,No,"Colaboración, observación activa y supervisión",Gobierno nacional,-13.531208283907143,-71.96281908390715,cusco-paruro--mineria-socioambiental-paruro - minera las bambas,"2024-05-22 21:21:18","2024-05-22 21:21:18",Defensoría
4053,Espinar - Antapaccay (ex Glencore Xstrata),Perú,Cusco,"",Espinar,"","CC.CC. Suero, Cama y Tintaya Marquiri","",Compañía Minera Antapaccay S.A.,Socioambiental,Minería,Activo,,En progreso,Mesa de diálogo: negociación mediada o asistida,Colaborador,Sí,Sí,"Colaboración, observación activa y supervisión",Gobierno nacional,-14.790294325973742,-71.41283482597375,cusco-espinar--mineria-socioambiental-espinar - antapaccay (ex glencore xstrata),"2024-05-22 21:21:18","2024-05-22 21:21:18",Defensoría
4054,Comunidades de Ichuña y Yunga - Cia Minera Buenaventura,Perú,Moquegua,"",General Sánchez Cerro,Ichuña,Ichuña,"Distrito Yunga, provincia de General Sánchez Cerro, departamento de Moquegua ",Compañía de Minas Buenaventura S.A.A. ,Socioambiental,Minería,Activo,,En progreso,Mesa de diálogo: negociación mediada o asistida,Colaborador,Sí,Sí,"Colaboración, observación activa y supervisión",Gobierno nacional,-16.20258633089741,-70.50071933089741,moquegua-general sanchez cerro-ichuna-mineria-socioambiental-comunidades de ichuna y yunga - cia minera buenaventura,"2024-05-22 21:21:18","2024-05-22 21:21:18",Defensoría
4055,CC Tumilaca - Southern Perú Copper Corporation,Perú,Moquegua,"",Mariscal Nieto,Torata,"CC Tumilaca, Pocota, Coscore y Tala","",Southern Perú Copper Corporation,Socioambiental,Minería,Activo,,En progreso,Mesa de diálogo: negociación mediada o asistida,Colaborador,Sí,No,Solo monitoreo,Gobierno nacional,-16.97994597879818,-70.74185047879818,moquegua-mariscal nieto-torata-mineria-socioambiental-cc tumilaca - southern peru copper corporation,"2024-05-22 21:21:18","2024-05-22 21:21:18",Defensoría
4056,Tumilaca - Anglo American Quellaveco,Perú,Moquegua,"",Mariscal Nieto,Torata,"","",Anglo American Quellaveco S.A.,Socioambiental,Minería,Activo,,En progreso,Mesa de diálogo: negociación mediada o asistida,Colaborador,Sí,No,"Colaboración, observación activa y supervisión",Gobierno nacional,-16.979096423855488,-70.7410009238555,moquegua-mariscal nieto-torata-mineria-socioambiental-tumilaca - anglo american quellaveco,"2024-05-22 21:21:18","2024-05-22 21:21:18",Defensoría
4057,Contaminación del río Coralaque,Perú,Moquegua,"",General Sánchez Cerro,Chojata,"","",Minera Aruntani S.A.C.,Socioambiental,Minería,Activo,,En progreso,Mesa de diálogo: negociación mediada o asistida,Colaborador,No,"","Colaboración, observación activa y supervisión",Gobierno nacional,-16.44536392065735,-70.53663092065736,moquegua-general sanchez cerro-chojata-mineria-socioambiental-contaminacion del rio coralaque,"2024-05-22 21:21:18","2024-05-22 21:21:18",Defensoría
4058,Ilo - Petroperú,Perú,Moquegua,"",Ilo,"","","",Petroperú,Socioambiental,Hidrocarburos,Activo,,En progreso,Mesa de diálogo: negociación directa,Colaborador,No,"","Colaboración, observación activa y supervisión",Gobierno nacional,-17.668010676072328,-71.34673587607233,moquegua-ilo--hidrocarburos-socioambiental-ilo - petroperu,"2024-05-22 21:21:18","2024-05-22 21:21:18",Defensoría
4059,Mineros informales Río Grande - Arequipa,Perú,Arequipa,"",Condesuyos,Río Grande,Anexo de Ancha,"",Erick Medina E.I.R.L.,Socioambiental,Minería,Latente,,"","","",Sí,Sí,"Colaboración, observación activa y supervisión",Gobierno nacional,-15.844273123441901,-73.11015412344192,arequipa-condesuyos-rio grande-mineria-socioambiental-mineros informales rio grande - arequipa,"2024-05-22 21:21:18","2024-05-22 21:21:18",Defensoría
4060,Torata - SPCC,Perú,Moquegua,"",Mariscal Nieto,Torata,"","Región Moquegua, provincia de Ilo",Southern Perú Copper Corporation,Socioambiental,Minería,Latente,,"","","",Sí,"","Colaboración, observación activa y supervisión",Gobierno nacional,-16.979777834818996,-70.741682334819,moquegua-mariscal nieto-torata-mineria-socioambiental-torata - spcc,"2024-05-22 21:21:18","2024-05-22 21:21:18",Defensoría
4061,Huancabamba - Cceuñahuran,Perú,Apurímac,"",Andahuaylas,José María Arguedas,"C.C. Huancabamba, C.C. Cceñuaran","Región de Apurímac, provincia de Andahuaylas, distrito de Andahuaylas.","",Comunal,"",Activo,,"","","",Sí,No,"Colaboración, observación activa y supervisión",Gobierno regional,-13.66340956858697,-73.37852216858697,apurimac-andahuaylas-jose maria arguedas--comunal-huancabamba - cceunahuran,"2024-05-22 21:21:18","2024-05-22 21:21:18",Defensoría
4062,"Comunidades de Huaquirca, Sabaino y Virundo",Perú,Apurímac,"",Antabamba,Huaquirca,"C.C. Huaquirca, C.C. Sabaino, C.C. Virundo","Región Apurímac, provincia de Grau, distrito de Sabaino.
 Región Apurímac, provincia de Atabamba, distrito de Virundo","",Comunal,"",Activo,,"","","",Sí,Sí,"Colaboración, observación activa y supervisión",Gobierno regional,-14.36238885668314,-72.79291885668313,"apurimac-antabamba-huaquirca--comunal-comunidades de huaquirca, sabaino y virundo","2024-05-22 21:21:18","2024-05-22 21:21:18",Defensoría
4063,Pumamarca - Asacasi,Perú,Apurímac,"",Cotabambas,Tambobamba,"","","",Comunal,"",Activo,,"","","",Sí,Sí,"Colaboración, observación activa y supervisión",Gobierno regional,-13.89850000602721,-72.21707200602722,apurimac-cotabambas-tambobamba--comunal-pumamarca - asacasi,"2024-05-22 21:21:18","2024-05-22 21:21:18",Defensoría
4064,Chaccaro - Occaccahua,Perú,Apurímac,"",Cotabambas,Tambobamba,"","","",Comunal,"",Activo,,"","","",Sí,Sí,"Colaboración, observación activa y supervisión",Gobierno regional,-13.89907289546349,-72.2176448954635,apurimac-cotabambas-tambobamba--comunal-chaccaro - occaccahua,"2024-05-22 21:21:18","2024-05-22 21:21:18",Defensoría
4065,CC Anchihuay - CC Chiquintirca,Perú,Ayacucho,"",La Mar,Anco,"CC Chiquintica, CC Anchihuay","Región Ayacucho, provincia de La Mar, distrito de Anchihuay","",Comunal,"",Activo,,"","","",Sí,Sí,"Colaboración, observación activa y supervisión",Gobierno regional,-13.012021596074252,-73.65974809607425,ayacucho-la mar-anco--comunal-cc anchihuay - cc chiquintirca,"2024-05-22 21:21:18","2024-05-22 21:21:18",Defensoría
4066,Santa Rosa de Huancapuquio - Pomacocha,Perú,Ayacucho,"",Vilcas Huamán,Vilcas Huamán,"","","",Comunal,"",Activo,,"","","",Sí,No,"Colaboración, observación activa y supervisión",Gobierno regional,-13.64820139807804,-73.88523839807804,ayacucho-vilcas huaman-vilcas huaman--comunal-santa rosa de huancapuquio - pomacocha,"2024-05-22 21:21:18","2024-05-22 21:21:18",Defensoría
4067,CC Viacha - CC Coya Qosqo,Perú,Cusco,"",Calca,Pisac,"","Región de Cusco, provincia de Calca, distrito de Coya","",Comunal,"",Activo,,"","","",Sí,No,Solo monitoreo,Gobierno regional,-13.387666579762081,-71.80945107976208,cusco-calca-pisac--comunal-cc viacha - cc coya qosqo,"2024-05-22 21:21:18","2024-05-22 21:21:18",Defensoría
4068,Chinchao  - Pillao,Perú,Huánuco,"",Huánuco,San Pablo de Pillao,CC Pillao,Chinchao,"",Comunal,"",Activo,,"","","",Sí,Sí,Mediaciones / Facilitaciones,Gobierno regional,-9.919399788899772,-76.23971928889976,huanuco-huanuco-san pablo de pillao--comunal-chinchao  - pillao,"2024-05-22 21:21:18","2024-05-22 21:21:18",Defensoría
4069,Cochas - San Francisco de Macon,Perú,Junín,"",Concepción,Cochas,Comunidad campesina de Cochas,Comunidad campesina de San Francisco de Macón,"",Comunal,"",Activo,,"","","",Sí,Sí,"Colaboración, observación activa y supervisión",Gobierno regional,-11.613745911678286,-75.14158691167829,junin-concepcion-cochas--comunal-cochas - san francisco de macon,"2024-05-22 21:21:18","2024-05-22 21:21:18",Defensoría
4070,Chaparrí,Perú,Lambayeque,"",Chiclayo,Chongoyape ,Chaparri,"","",Comunal,"",Activo,,"","","",No,"","Colaboración, observación activa y supervisión",Gobierno local,-6.631945233115856,-79.47014623311587,lambayeque-chiclayo-chongoyape--comunal-chaparri,"2024-05-22 21:21:18","2024-05-22 21:21:18",Defensoría
4071,Comunidad San Martín de Sechura,Perú,Piura,"",Sechura,Sechura,C.C. Sechura,"","",Comunal,"",Activo,,Inicio,Reuniones preparatorias para el diálogo,Colaborador,Sí,No,"Colaboración, observación activa y supervisión",Gobierno regional,-5.566415102898519,-80.82192220105317,piura-sechura-sechura--comunal-comunidad san martin de sechura,"2024-05-22 21:21:18","2024-05-22 21:21:18",Defensoría
4072,Coasa – Limbani,Perú,Puno,Puno,Carabaya,Coasa,Chiwi - Inambari,"Distrito Limbani, Provincia Sandia","",Demarcación territorial,"",Activo,,En progreso,Mesa de diálogo: negociación directa,Colaborador,Sí,Sí,"Colaboración, observación activa y supervisión",Gobierno regional,-13.665480656781474,-69.91877165678147,puno-carabaya-coasa--demarcacion territorial-coasa – limbani,"2024-05-22 21:21:18","2024-05-22 21:21:18",Defensoría
4073,Pajchani - Alto Inambari y Patambuco,Perú,Puno,Puno,Sandia,Alto Inambari,"Pajchani, Ccallani, Sisira, Huanusamana y Hancco Pampa",Distrito Patambuco,"",Demarcación territorial,"",Activo,,"","","",Sí,"","Colaboración, observación activa y supervisión",Gobierno regional,-14.040570823423185,-69.32854582342318,puno-sandia-alto inambari--demarcacion territorial-pajchani - alto inambari y patambuco,"2024-05-22 21:21:18","2024-05-22 21:21:18",Defensoría
4074,Demarcación territorial entre Limbani y Phara,Perú,Puno,"",Sandia,Limbani,"","Región Puno, provincia de Sandia, distrito de Phara","",Demarcación territorial,"",Activo,,En progreso,Reuniones preparatorias para el diálogo,Colaborador,Sí,Sí,"Colaboración, observación activa y supervisión",Gobierno regional,-13.847864586188315,-69.59079758618832,puno-sandia-limbani--demarcacion territorial-demarcacion territorial entre limbani y phara,"2024-05-22 21:21:18","2024-05-22 21:21:18",Defensoría
4075,Asociación de Pueblos Originarios Conservacionistas (APOC) - Urus Chulluni,Perú,Puno,Puno,Puno,Puno,Área de la Reserva Nacional de TIticaca,"","",Comunal,"",Activo,,"","","",No,"","Colaboración, observación activa y supervisión",Gobierno regional,-15.899189636928712,-70.05317213692871,puno-puno-puno--comunal-asociacion de pueblos originarios conservacionistas (apoc) - urus chulluni,"2024-05-22 21:21:18","2024-05-22 21:21:18",Defensoría
4076,Comunidad Nativa Huascayacu,Perú,San Martín,"",Moyobamba,Moyobamba,C.N. Huascayacu,"","",Comunal,"",Activo,,Inicio,Reuniones preparatorias para el diálogo,Colaborador,Sí,Sí,"Colaboración, observación activa y supervisión",Gobierno regional,-5.743552115739648,-77.24765111573966,san martin-moyobamba-moyobamba--comunal-comunidad nativa huascayacu,"2024-05-22 21:21:18","2024-05-22 21:21:18",Defensoría
4077,Kichwa Anak Kurutuyacu - Caseríos Huimbayoc,Perú,San Martín,"",San Martín,Huimbayoc,"","","",Comunal,"",Activo,,Inicio,Reuniones preparatorias para el diálogo,Colaborador,No,"",Mediaciones / Facilitaciones,Gobierno regional,-6.5854854686693765,-75.70355246866939,san martin-san martin-huimbayoc--comunal-kichwa anak kurutuyacu - caserios huimbayoc,"2024-05-22 21:21:18","2024-05-22 21:21:18",Defensoría
4078,Santa Rosillo de Yanayacu,Perú,San Martín,"",San Martín,Huimbayoc,"","","",Comunal,"",Activo,,Inicio,Reuniones preparatorias para el diálogo,Colaborador,Sí,No,Solo monitoreo,Gobierno regional,-6.585292530234177,-75.70335953023418,san martin-san martin-huimbayoc--comunal-santa rosillo de yanayacu,"2024-05-22 21:21:18","2024-05-22 21:21:18",Defensoría
4079,Shimpiyacu,Perú,San Martín,"",Moyobamba,Moyobamba,"","","",Comunal,"",Activo,,"","","",Sí,"","Colaboración, observación activa y supervisión",Gobierno regional,-5.744532887154343,-77.24863188715435,san martin-moyobamba-moyobamba--comunal-shimpiyacu,"2024-05-22 21:21:18","2024-05-22 21:21:18",Defensoría
4080,Quellouno - Yanatile,Perú,Cusco,"",La Convención,Quellouno,"","Región Cusco, provincia de Calca, distrito de Yanatile","",Demarcación territorial,"",Latente,,"","","",No,No,Solo Monitoreo,Poder legislativo,-12.517817182605922,-72.40409568260591,cusco-la convencion-quellouno--demarcacion territorial-quellouno - yanatile,"2024-05-22 21:21:18","2024-05-22 21:21:18",Defensoría
4081,Cancahuani - Yanque Lacca Lacca,Perú,Cusco,"",Chumbivilcas,"",CC.CC. Cancahuani y Yanque Lacca Lacca,"","",Comunal,"",Latente,,"","","",Sí,Sí,"Colaboración, observación activa y supervisión",Gobierno regional,-14.449489372617128,-72.08127637261713,cusco-chumbivilcas---comunal-cancahuani - yanque lacca lacca,"2024-05-22 21:21:18","2024-05-22 21:21:18",Defensoría
4082,Ccacho Limamayo - Sawa Sawa,Perú,Cusco,"",Chumbivilcas,Chamaca,"","","",Comunal,"",Latente,,"","","",Sí,No,Solo monitoreo,Gobierno regional,-14.340145282082412,-71.88593228208241,cusco-chumbivilcas-chamaca--comunal-ccacho limamayo - sawa sawa,"2024-05-22 21:21:18","2024-05-22 21:21:18",Defensoría
4083,Huaylacucho - Pueblo Libre,Perú,Huancavelica,"",Huancavelica,Huancavelica,"","","",Comunal,"",Latente,,"","","",Sí,Sí,Mediaciones / Facilitaciones,Gobierno regional,-12.840215905120761,-75.12736340512076,huancavelica-huancavelica-huancavelica--comunal-huaylacucho - pueblo libre,"2024-05-22 21:21:18","2024-05-22 21:21:18",Defensoría
4084,Uchubamba - Curimarca,Perú,Junín,"",Jauja,Masma,Tambomayo,"","",Comunal,"",Latente,,"","","",Sí,No,"Colaboración, observación activa y supervisión",Gobierno regional,-11.774068254279479,-75.42560275427947,junin-jauja-masma--comunal-uchubamba - curimarca,"2024-05-22 21:21:18","2024-05-22 21:21:18",Defensoría
4085,Tumán,Perú,Lambayeque,"",Chiclayo,Tumán,"","",Empresa Agroindustrial Tumán S.A.A,Laboral,"",Latente,,"","","",Sí,Sí,"Colaboración, observación activa y supervisión",Poder judicial,-6.772076794008137,-79.85698769400814,lambayeque-chiclayo-tuman--laboral-tuman,"2024-05-22 21:21:18","2024-05-22 21:21:18",Defensoría
4086,Pasto Grande - Puno/Moquegua,Perú,Puno,Multiregión,Puno,Acora,"","Región Puno, provincia de El Collao, distrito de Santa Rosa
  Región Moquegua, provincia de Mariscal Nieto, distrito de Carumas","",Demarcación territorial,"",Latente,,"","","",Sí,Sí,"Colaboración, observación activa y supervisión",Gobierno nacional,-16.27239418507324,-69.89796118507324,puno-puno-acora--demarcacion territorial-pasto grande - puno/moquegua,"2024-05-22 21:21:18","2024-05-22 21:21:18",Defensoría
4087,Totora Pisquicocha - Hurayhuma,Perú,Apurímac,Multiregión,Aymaraes,Cotaruse,"C.C. Totora Pisquicocha
  C.C. Hurayhuma","Región Ayacucho, Provincia Parinacochas, distrito Cora Cora","",Comunal,"",Latente,,"","","",No,"",Solo monitoreo,Gobierno regional,-14.592642534891626,-73.27862953489162,apurimac-aymaraes-cotaruse--comunal-totora pisquicocha - hurayhuma,"2024-05-22 21:21:18","2024-05-22 21:21:18",Defensoría
4088,Wampis - Minería ilegal,Perú,Amazonas,"",Condorcanqui,Río Santiago,"","","",Socioambiental,Minería,Activo,,"","","",Sí,No,Solo monitoreo,Gobierno regional,-3.720276004221516,-77.89994400422151,amazonas-condorcanqui-rio santiago-mineria-socioambiental-wampis - mineria ilegal,"2024-05-22 21:21:18","2024-05-22 21:21:18",Defensoría
4089,Cenepa - Minería informal e ilegal (antes Afrodita),Perú,Amazonas,"",Condorcanqui,El Cenepa,"","",Compañía Minera Afrodita S.A.C.,Socioambiental,Minería,Activo,,"","","",Sí,"","Colaboración, observación activa y supervisión",Gobierno nacional,-4.054273950893564,-78.34093095089356,amazonas-condorcanqui-el cenepa-mineria-socioambiental-cenepa - mineria informal e ilegal (antes afrodita),"2024-05-22 21:21:18","2024-05-22 21:21:18",Defensoría
4090,Independencia - Raura,Perú,Huánuco,"",Lauricocha,San Miguel de Cauri,Caserío Independencia,Centro Poblado Independencia,Compañía Minera Raura S.A.,Socioambiental,Minería,Activo,,Suspendido,Mesa de diálogo: negociación mediada o asistida,Colaborador,No,"","Colaboración, observación activa y supervisión",Gobierno nacional,-10.2915295676771,-76.64036706767709,huanuco-lauricocha-san miguel de cauri-mineria-socioambiental-independencia - raura,"2024-05-22 21:21:18","2024-05-22 21:21:18",Defensoría
4091,Llata - Antamina,Perú,Huánuco,"",Huamalies,Llata,"","","",Socioambiental,Minería,Activo,,En progreso,Mesa de diálogo: negociación mediada o asistida,Colaborador,Sí,Sí,"Colaboración, observación activa y supervisión",Gobierno nacional,-9.630372505417347,-76.88837200541735,huanuco-huamalies-llata-mineria-socioambiental-llata - antamina,"2024-05-22 21:21:18","2024-05-22 21:21:18",Defensoría
4092,Sector de Shapajilla - Celdas transitorias,Perú,Huánuco,"",Leoncio Prado,Luyando,C.P. Santa Rosa de Shapajilla,"","",Socioambiental,Residuos y saneamiento,Activo,,"","","",No,No,"Colaboración, observación activa y supervisión",Gobierno local,-9.241677082382964,-75.93918158238297,huanuco-leoncio prado-luyando-residuos y saneamiento-socioambiental-sector de shapajilla - celdas transitorias,"2024-05-22 21:21:18","2024-05-22 21:21:18",Defensoría
4093,Derrame canal Puinahua,Perú,Loreto,"",Requena,Puinahua,Bretaña,"CN de 07 De Junio, San Juan De Paucar, San Pedro I y II, Atún Pozo, Manco Capac, Jorge Chávez, Nuevo Kuwai, Urarinas y 28 Julio",Agencia Fluvial Soluciones Fluviales EIRL,Socioambiental,Hidrocarburos,Activo,,"","","",Sí,Sí,"Colaboración, observación activa y supervisión",Gobierno nacional,-5.600109580662983,-74.89811008066299,loreto-requena-puinahua-hidrocarburos-socioambiental-derrame canal puinahua,"2024-05-22 21:21:18","2024-05-22 21:21:18",Defensoría
4094,Comunidades nativas de la Cuenca del río Chambira,Perú,Loreto,"",Loreto,Urarinas,"","",Pluspetrol Norte,Socioambiental,Hidrocarburos,Activo,,Inicio,Mesa de diálogo: negociación directa,Colaborador,Sí,"","Colaboración, observación activa y supervisión",Gobierno nacional,-4.2999215572542795,-75.49828355725428,loreto-loreto-urarinas-hidrocarburos-socioambiental-comunidades nativas de la cuenca del rio chambira,"2024-05-22 21:21:18","2024-05-22 21:21:18",Defensoría
4095,CN Cuninico - Petroperú,Perú,Loreto,"",Loreto,Urarinas,Comunidad nativa Cuninico,Distritos de Urarinas y Parinari,Petroperú,Socioambiental,Hidrocarburos,Activo,,"","","",Sí,Sí,"Colaboración, observación activa y supervisión",Gobierno nacional,-4.299711961625674,-75.49807396162568,loreto-loreto-urarinas-hidrocarburos-socioambiental-cn cuninico - petroperu,"2024-05-22 21:21:18","2024-05-22 21:21:18",Defensoría
4096,Comunidades de la cuenca del río Curaray,Perú,Loreto,"",Maynas,Napo,"CN San Rafael, CN Nueva Libertad, CN Mucha Vista, CN Santa María, CN Nuevo Yarina, CN Tipishca, CN Soledad, CN Bellavista, CN Bolívar, CN Chambira","",Perenco Peru Petroleum Limited Sucursal del Perú,Socioambiental,Hidrocarburos,Activo,,Suspendido,Mesa de diálogo: negociación mediada o asistida,Colaborador,Sí,"","Colaboración, observación activa y supervisión",Gobierno regional,-2.0339573029093505,-74.39301030290936,loreto-maynas-napo-hidrocarburos-socioambiental-comunidades de la cuenca del rio curaray,"2024-05-22 21:21:18","2024-05-22 21:21:18",Defensoría
4097,Saramurillo - Estación 1,Perú,Loreto,"",Loreto,Urarinas,C.N. Saramurillo,"",Petroperú,Socioambiental,Hidrocarburos,Activo,,Inicio,Mesa de diálogo: negociación mediada o asistida,Colaborador,Sí,"","Colaboración, observación activa y supervisión",Gobierno regional,-4.301184542077444,-75.49954654207745,loreto-loreto-urarinas-hidrocarburos-socioambiental-saramurillo - estacion 1,"2024-05-22 21:21:18","2024-05-22 21:21:18",Defensoría
4098,"San Juan Nativo, San Juan Campesino y Nueva Libertad – Pluspetrol Norte",Perú,Loreto,"",Loreto,Trompeteros,"C.N. Nueva Libertad, C.N. San Juan de Trompeteros, C.C. San Juan de Trompeteros","",Pluspetrol Norte S.A. en liquidación,Socioambiental,Hidrocarburos,Activo,,En progreso,Mesa de diálogo: negociación mediada o asistida,Colaborador,Sí,"",Solo monitoreo,Gobierno nacional,-3.0804005152972764,-75.55009851529728,"loreto-loreto-trompeteros-hidrocarburos-socioambiental-san juan nativo, san juan campesino y nueva libertad – pluspetrol norte","2024-05-22 21:21:18","2024-05-22 21:21:18",Defensoría
4099,Santa Elena - Pluspetrol Norte,Perú,Loreto,"",Loreto,Trompeteros,C.N. Santa Elena,"",Pluspetrol,Socioambiental,Hidrocarburos,Activo,,En progreso,Mesa de diálogo: negociación mediada o asistida,Colaborador,Sí,Sí,Solo monitoreo,Gobierno nacional,-3.0795776002880992,-75.54927560028811,loreto-loreto-trompeteros-hidrocarburos-socioambiental-santa elena - pluspetrol norte,"2024-05-22 21:21:18","2024-05-22 21:21:18",Defensoría
4100,San José de Nueva Esperanza - Pluspetrol Norte,Perú,Loreto,"",Loreto,Trompeteros,C.N. San José de Nueva Esperanza,"",Pluspetrol,Socioambiental,Hidrocarburos,Activo,,"","","",Sí,Sí,Solo monitoreo,Gobierno nacional,-3.0804764588285014,-75.55017445882851,loreto-loreto-trompeteros-hidrocarburos-socioambiental-san jose de nueva esperanza - pluspetrol norte,"2024-05-22 21:21:18","2024-05-22 21:21:18",Defensoría
4101,Fernando Rosas - Petroperú,Perú,Loreto,"",Datem del Marañón,Morona,C.N. Fernando Rosas,"",Petroperú,Socioambiental,Hidrocarburos,Activo,,En progreso,Mesa de diálogo: negociación mediada o asistida,Colaborador,Sí,Sí,"Colaboración, observación activa y supervisión",Gobierno nacional,-3.763202183736652,-77.42492468373665,loreto-datem del maranon-morona-hidrocarburos-socioambiental-fernando rosas - petroperu,"2024-05-22 21:21:18","2024-05-22 21:21:18",Defensoría
4102,Comunidades Urituyacu,Perú,Loreto,"",Loreto,Urarinas,"CC.NN. Nuena Alianza, Cafetal, Juan Velasco Alvarado, Progreso I, Progreso II, Reforma, San Enrique, San Antonio de Bancal, Guineal, 8 de Octubre, San Luis, Ayahuasca y San Juan de Abejaico","",Petroperú,Socioambiental,Hidrocarburos,Activo,,Inicio,Mesa de diálogo: negociación mediada o asistida,Colaborador,Sí,Sí,"Colaboración, observación activa y supervisión",Gobierno nacional,-4.30090338415336,-75.49926538415336,loreto-loreto-urarinas-hidrocarburos-socioambiental-comunidades urituyacu,"2024-05-22 21:21:18","2024-05-22 21:21:18",Defensoría
4103,Bretaña - Petro Tal,Perú,Loreto,"",Requena,Puinahua,C.P. Bretaña,"",Petro Tal,Socioambiental,Hidrocarburos,Activo,,En progreso,Mesa de diálogo: negociación mediada o asistida,Colaborador,Sí,Sí,"Colaboración, observación activa y supervisión",Gobierno nacional,-5.600352005453833,-74.89835250545383,loreto-requena-puinahua-hidrocarburos-socioambiental-bretana - petro tal,"2024-05-22 21:21:18","2024-05-22 21:21:18",Defensoría
4104,Nuevo Progreso - Pluspetrol,Perú,Loreto,"",Loreto,Urarinas,C.N. Nuevo Progreso,"",Pluspetrol Norte S.A.,Socioambiental,Hidrocarburos,Activo,,Inicio,Mesa de diálogo: negociación mediada o asistida,Colaborador,Sí,Sí,"Colaboración, observación activa y supervisión",Gobierno nacional,-4.300463997097879,-75.49882599709788,loreto-loreto-urarinas-hidrocarburos-socioambiental-nuevo progreso - pluspetrol,"2024-05-22 21:21:18","2024-05-22 21:21:18",Defensoría
4105,Sinchi Roca - Derrame de petroleo ONP,Perú,Loreto,"",Datem del Marañón,Manseriche,"","",Petroperú,Socioambiental,Hidrocarburos,Activo,,En progreso,Mesa de diálogo: negociación mediada o asistida,Colaborador,Sí,Sí,Solo monitoreo,Gobierno nacional,-4.693224939580002,-77.44574343958,loreto-datem del maranon-manseriche-hidrocarburos-socioambiental-sinchi roca - derrame de petroleo onp,"2024-05-22 21:21:18","2024-05-22 21:21:18",Defensoría
4106,Villa Trompeteros - Pluspetrol Norte Lote 8,Perú,Loreto,"",Loreto,Trompeteros,"","",Pluspetrol Norte S.A.,Socioambiental,Hidrocarburos,Activo,,"","","",Sí,Sí,"Colaboración, observación activa y supervisión",Gobierno nacional,-3.079856166875282,-75.54955416687528,loreto-loreto-trompeteros-hidrocarburos-socioambiental-villa trompeteros - pluspetrol norte lote 8,"2024-05-22 21:21:18","2024-05-22 21:21:18",Defensoría
4107,Feconamach - Lote 8,Perú,Loreto,"",Loreto,Urarinas,"","","Petroperú, Pluspetrol Note .S.A.",Socioambiental,Hidrocarburos,Activo,,Inicio,Mesa de diálogo: negociación mediada o asistida,Colaborador,Sí,Sí,Solo monitoreo,Gobierno nacional,-4.299337626652387,-75.49769962665239,loreto-loreto-urarinas-hidrocarburos-socioambiental-feconamach - lote 8,"2024-05-22 21:21:18","2024-05-22 21:21:18",Defensoría
4108,Santa Rosa - Derrame de petroleo ONP,Perú,Loreto,"",Datem del Marañón,Manseriche,"","",Petroperú,Socioambiental,Hidrocarburos,Activo,,Inicio,Mesa de diálogo: negociación mediada o asistida,"",Sí,Sí,Solo monitoreo,Gobierno nacional,-4.6918004114009,-77.4443189114009,loreto-datem del maranon-manseriche-hidrocarburos-socioambiental-santa rosa - derrame de petroleo onp,"2024-05-22 21:21:18","2024-05-22 21:21:18",Defensoría
4109,Chapis - Derrame petroleo,Perú,Loreto,"",Datem del Marañón,Manseriche,C.N. Chapis,"",Petroperú,Socioambiental,Hidrocarburos,Activo,,Inicio,Mesa de diálogo: negociación mediada o asistida,"",Sí,Sí,Solo monitoreo,Gobierno nacional,-4.693414380777306,-77.4459328807773,loreto-datem del maranon-manseriche-hidrocarburos-socioambiental-chapis - derrame petroleo,"2024-05-22 21:21:18","2024-05-22 21:21:18",Defensoría
4110,Cinco cuencas - Lote 8 y 192,Perú,Loreto,"",Loreto,"","","","Petroperú, Pluspetrol Note .S.A.",Socioambiental,Hidrocarburos,Activo,,"","","",Sí,Sí,"Colaboración, observación activa y supervisión",Gobierno nacional,-4.232939844403337,-74.21839954440335,loreto-loreto--hidrocarburos-socioambiental-cinco cuencas - lote 8 y 192,"2024-05-22 21:21:18","2024-05-22 21:21:18",Defensoría
4111,Morona - Derrame de petróleo en Mayuriaga,Perú,Loreto,"",Datem del Marañón,Morona,C.N. Mayuriaga,"",Petroperú,Socioambiental,Hidrocarburos,Activo,,"","","",Sí,Sí,"Colaboración, observación activa y supervisión",Gobierno nacional,-3.7642375773901535,-77.42596007739016,loreto-datem del maranon-morona-hidrocarburos-socioambiental-morona - derrame de petroleo en mayuriaga,"2024-05-22 21:21:18","2024-05-22 21:21:18",Defensoría
4112,FREDEDAM - Datem del Marañón,Perú,Loreto,"",Datem del Marañón,"","","",Petroperú,Socioambiental,Hidrocarburos,Activo,,Suspendido,Mesa de diálogo: negociación mediada o asistida,Colaborador,No,"","Colaboración, observación activa y supervisión",Gobierno nacional,-4.828753797851392,-76.55451029785138,loreto-datem del maranon--hidrocarburos-socioambiental-frededam - datem del maranon,"2024-05-22 21:21:18","2024-05-22 21:21:18",Defensoría
4113,Cuatro cuencas - Lote 192,Perú,Loreto,"",Datem del Marañón,"","","Región Loreto, provincia de Loreto","",Socioambiental,Hidrocarburos,Activo,,En progreso,Mesa de diálogo: negociación mediada o asistida,Colaborador,Sí,Sí,"Colaboración, observación activa y supervisión",Gobierno nacional,-4.828345786687977,-76.55410228668796,loreto-datem del maranon--hidrocarburos-socioambiental-cuatro cuencas - lote 192,"2024-05-22 21:21:18","2024-05-22 21:21:18",Defensoría
4114,Minería ilegal – La Pampa,Perú,Madre de Dios,"",Tambopata,Inambari,Zona La Pampa,"","",Socioambiental,Minería,Activo,,"","","",Sí,Sí,"Colaboración, observación activa y supervisión",Gobierno nacional,-12.970040008333799,-69.9223045083338,madre de dios-tambopata-inambari-mineria-socioambiental-mineria ilegal – la pampa,"2024-05-22 21:21:18","2024-05-22 21:21:18",Defensoría
4115,BP Alto Mayo,Perú,San Martín,"",Rioja,Pardo Miguel,"","","",Socioambiental,Forestales,Activo,,"","","",Sí,"","Colaboración, observación activa y supervisión",Gobierno nacional,-5.7170748917508405,-77.59999389175084,san martin-rioja-pardo miguel-forestales-socioambiental-bp alto mayo,"2024-05-22 21:21:18","2024-05-22 21:21:18",Defensoría
4116,Organizaciones y comunidades nativas de Atalaya,Perú,Ucayali,"",Atalaya,"","","","",Socioambiental,Otros,Activo,,En progreso,Mesa de diálogo: negociación mediada o asistida,Colaborador,No,"","Colaboración, observación activa y supervisión",Gobierno nacional,-10.732491341376706,-73.75930524137671,ucayali-atalaya--otros-socioambiental-organizaciones y comunidades nativas de atalaya,"2024-05-22 21:21:18","2024-05-22 21:21:18",Defensoría
4117,C.N. Awajún de El Cenepa-taladores y mineros ilegales,Perú,Amazonas,"",Condorcanqui,El Cenepa,CC.NN. Awajún de El Cenepa,"","",Socioambiental,Otros,Latente,,"","","",No,"","Colaboración, observación activa y supervisión",Gobierno nacional,-4.0528976812044775,-78.33955468120448,amazonas-condorcanqui-el cenepa-otros-socioambiental-c.n. awajun de el cenepa-taladores y mineros ilegales,"2024-05-22 21:21:18","2024-05-22 21:21:18",Defensoría
4118,Anexo Antacallanca - Minera Raura,Perú,Huánuco,"",Lauricocha,San Miguel de Cauri,Anexo Antacallanca de la C.C. San Miguel de Cauri,"",Compañía Minera Raura S.A.,Socioambiental,Minería,Latente,,"","","",Sí,Sí,Solo monitoreo,Gobierno nacional,-10.289976295240525,-76.63881379524052,huanuco-lauricocha-san miguel de cauri-mineria-socioambiental-anexo antacallanca - minera raura,"2024-05-22 21:21:18","2024-05-22 21:21:18",Defensoría
4119,Huancayo - Residuos sólidos (Lastay),Perú,Junín,"",Huancayo,El Tambo,"","Región Junín, provincia de Huancayo, distrito de Chilca","",Socioambiental,Residuos y saneamiento,Latente,,"","","",Sí,Sí,"Colaboración, observación activa y supervisión",Gobierno local,-11.973921389289286,-75.14926638928928,junin-huancayo-el tambo-residuos y saneamiento-socioambiental-huancayo - residuos solidos (lastay),"2024-05-22 21:21:18","2024-05-22 21:21:18",Defensoría
4120,San José de Saramuro - Pluspetrol,Perú,Loreto,"",Loreto,Urarinas,"","",Pluspetrol Norte S.A.,Socioambiental,Hidrocarburos,Latente,,"","","",No,"",Mediaciones / Facilitaciones,Gobierno nacional,-4.300232313137316,-75.49859431313732,loreto-loreto-urarinas-hidrocarburos-socioambiental-san jose de saramuro - pluspetrol,"2024-05-22 21:21:18","2024-05-22 21:21:18",Defensoría
4121,San Carlos - Pluspetrol,Perú,Loreto,"",Loreto,Trompeteros,"","",Pluspetrol Norte S.A.,Socioambiental,Hidrocarburos,Latente,,"","","",No,"","Colaboración, observación activa y supervisión",Gobierno nacional,-3.079481363636612,-75.54917936363663,loreto-loreto-trompeteros-hidrocarburos-socioambiental-san carlos - pluspetrol,"2024-05-22 21:21:18","2024-05-22 21:21:18",Defensoría
4122,RTKNN - Consorcio Camisea (Lote 88),Perú,Cusco,Multiregión,La Convención,Echarate,"Reserva Territorial Kugapakori, Nahua, Nantis","Región Ucayali, provincia de Atalaya, distrito de Sepahua","Consorcio Camisea - Pluspetrol Norte S.A., Repsol, Hunt Oil, Techint",Socioambiental,Hidrocarburos,Latente,,"","","",No,"","Colaboración, observación activa y supervisión",Gobierno nacional,-12.129243732217907,-72.7908072322179,cusco-la convencion-echarate-hidrocarburos-socioambiental-rtknn - consorcio camisea (lote 88),"2024-05-22 21:21:18","2024-05-22 21:21:18",Defensoría
4123,Comunidad de Aquia - Antamina,Perú,Áncash,"",Bolognesi,Aquia,C.C. Aquia,"",Compañía Minera Antamina S.A.,Socioambiental,Minería,Activo,,Suspendido,Mesa de diálogo: negociación mediada o asistida,Colaborador,Sí,Sí,"Colaboración, observación activa y supervisión",Gobierno nacional,-9.962841347172853,-77.12312084717286,ancash-bolognesi-aquia-mineria-socioambiental-comunidad de aquia - antamina,"2024-05-22 21:21:18","2024-05-22 21:21:18",Defensoría
4124,Atupa y Antahurán - Barrick,Perú,Áncash,"",Huaraz,Jangas,Caserios Atupa y Antahurán,"",MInera Barrick Misquichilca S.A.,Socioambiental,Minería,Activo,,En progreso,Mesa de diálogo: negociación mediada o asistida,Colaborador,Sí,Sí,"Colaboración, observación activa y supervisión",Gobierno nacional,-9.44332344148785,-77.60218744148784,ancash-huaraz-jangas-mineria-socioambiental-atupa y antahuran - barrick,"2024-05-22 21:21:18","2024-05-22 21:21:18",Defensoría
4125,Laguna Parón - Duke Energy,Perú,Áncash,"",Huaylas,Caraz,"","",Orazul Energy Perú S.A.,Socioambiental,Energía,Activo,,En progreso,Mesa de diálogo: negociación mediada o asistida,Colaborador,Sí,No,"Colaboración, observación activa y supervisión",Gobierno nacional,-9.024393477924795,-77.7481109779248,ancash-huaylas-caraz-energia-socioambiental-laguna paron - duke energy,"2024-05-22 21:21:18","2024-05-22 21:21:18",Defensoría
4126,Comunidades campesinas de Huancavelica - Minera IRL S.A.,Perú,Huancavelica,"",Huancavelica,Vilca,"CC de Vilca, Chuya, Huancalpi y Coricacha","",Minera IRL Limited,Socioambiental,Minería,Activo,,"","","",No,No,"Colaboración, observación activa y supervisión",Gobierno nacional,-12.521503864515303,-75.2781913645153,huancavelica-huancavelica-vilca-mineria-socioambiental-comunidades campesinas de huancavelica - minera irl s.a.,"2024-05-22 21:21:18","2024-05-22 21:21:18",Defensoría
4127,Ayamarca - Sierra Antapite S.A.C.,Perú,Huancavelica,"",Huaytará,Ocoyo,C.C. Ayamarca,"",Sierra Antapite S.A.C.,Socioambiental,Minería,Activo,,"","","",No,"","Colaboración, observación activa y supervisión",Gobierno nacional,-14.019094058354266,-75.00177805835426,huancavelica-huaytara-ocoyo-mineria-socioambiental-ayamarca - sierra antapite s.a.c.,"2024-05-22 21:21:18","2024-05-22 21:21:18",Defensoría
4128,San Pedro de Ocobamba - Sierra Antapite S.A.C,Perú,Huancavelica,"",Huaytará,Córdova,C.C. San Pedro de Ocobamba,"",Sierra Antapite S.A.C.,Socioambiental,Minería,Activo,,"","","",No,No,"Colaboración, observación activa y supervisión",Gobierno nacional,-14.00914985036691,-75.15707035036691,huancavelica-huaytara-cordova-mineria-socioambiental-san pedro de ocobamba - sierra antapite s.a.c,"2024-05-22 21:21:18","2024-05-22 21:21:18",Defensoría
4129,CC de Yauyos y Junín - Minera IRL Limited,Perú,Junín,"",Huancayo,Chongos Alto,"","Distritos de Huasicancha y Chacapampa de la provincia de Huancayo. 
Distrito de Huantán de la provincia de Yauyos de la región Lima",Minera IRL Limited,Socioambiental,Minería,Activo,,Suspendido,Mesa de diálogo: negociación mediada o asistida,Colaborador,Sí,Sí,"Colaboración, observación activa y supervisión",Gobierno nacional,-12.490609467067435,-75.42563196706743,junin-huancayo-chongos alto-mineria-socioambiental-cc de yauyos y junin - minera irl limited,"2024-05-22 21:21:18","2024-05-22 21:21:18",Defensoría
4130,Andaychagua - Volcan,Perú,Junín,"",Yauli,Yauli,C.P.M. Andaychagua,"",Volcan Compañía Minera,Socioambiental,Minería,Activo,,En progreso,Mesa de diálogo: negociación directa,Colaborador,No,"","Colaboración, observación activa y supervisión",Gobierno nacional,-11.74048955373142,-76.09341955373142,junin-yauli-yauli-mineria-socioambiental-andaychagua - volcan,"2024-05-22 21:21:18","2024-05-22 21:21:18",Defensoría
4131,Morococha - Chinalco,Perú,Junín,"",Yauli,Morococha,"","",Minera Chinalco Perú S.A.,Socioambiental,Minería,Activo,,En progreso,Mesa de diálogo: negociación mediada o asistida,Colaborador,No,"","Colaboración, observación activa y supervisión",Gobierno nacional,-11.5100851821376,-76.1289616821376,junin-yauli-morococha-mineria-socioambiental-morococha - chinalco,"2024-05-22 21:21:18","2024-05-22 21:21:18",Defensoría
4132,Contaminación – Refinería La Pampilla (Repsol),Perú,Callao,Multiregión,Prov.Const.del Callao,Ventanilla,Playa Bahía Blanca,"Distrito de Ancón y Santa Rosa, provincia y región Lima.
 Distrito de Chancay, provincia de Huaral, región Lima",REPSOL PERÚ,Socioambiental,Hidrocarburos,Activo,,En progreso,Mesa de diálogo: negociación mediada o asistida,Colaborador,Sí,Sí,"Colaboración, observación activa y supervisión",Gobierno nacional,-12.052320707895623,-77.12745590789562,callao-prov.const.del callao-ventanilla-hidrocarburos-socioambiental-contaminacion – refineria la pampilla (repsol),"2024-05-22 21:21:18","2024-05-22 21:21:18",Defensoría
4133,Villa Corazón de Jesús - Glore Perú,Perú,Pasco,"",Daniel Alcides Carrión,Santa Ana de Tusi,C.C. Villa Corazón de Jesús,"",Glore Perú SAC,Socioambiental,Minería,Activo,,En progreso,Mesa de diálogo: negociación directa,Colaborador,Sí,Sí,"Colaboración, observación activa y supervisión",Gobierno regional,-10.459485049768384,-76.31551504976838,pasco-daniel alcides carrion-santa ana de tusi-mineria-socioambiental-villa corazon de jesus - glore peru,"2024-05-22 21:21:18","2024-05-22 21:21:18",Defensoría
4134,Champamarca - Activos Mineros,Perú,Pasco,"",Pasco,Simón Bolívar,Comunidad urbana de Champamarca,"",Consorcio San Camilo - Activos Mineros S.A.C.,Socioambiental,Minería,Activo,,En progreso,Mesa de diálogo: negociación directa,Colaborador,No,No,"Colaboración, observación activa y supervisión",Gobierno regional,-10.720288126499808,-76.4633406264998,pasco-pasco-simon bolivar-mineria-socioambiental-champamarca - activos mineros,"2024-05-22 21:21:18","2024-05-22 21:21:18",Defensoría
4135,San Juan de Milpo - Minera Nexa Resources,Perú,Pasco,"",Pasco,San Francisco de Asís de Yarusyacán,"","",Nexa Resources Perú S.A.A.,Socioambiental,Minería,Activo,,"","","",Sí,Sí,"Colaboración, observación activa y supervisión",Gobierno nacional,-10.54893543747016,-76.22654043747016,pasco-pasco-san francisco de asis de yarusyacan-mineria-socioambiental-san juan de milpo - minera nexa resources,"2024-05-22 21:21:18","2024-05-22 21:21:18",Defensoría
4136,Contaminación en Simón Bolívar,Perú,Pasco,"",Pasco,Simón Bolívar,"","","",Socioambiental,Minería,Activo,,En progreso,Mesa de diálogo: negociación mediada o asistida,Colaborador,Sí,Sí,"Colaboración, observación activa y supervisión",Gobierno nacional,-10.718559392843757,-76.46161189284375,pasco-pasco-simon bolivar-mineria-socioambiental-contaminacion en simon bolivar,"2024-05-22 21:21:18","2024-05-22 21:21:18",Defensoría
4137,Quillo - COPEMINA,Perú,Áncash,"",Yungay,Quillo,C.C. Vírgen del Rosario de Quillo,"",Consorcio Peruano de Minas S.A.C - COPEMINA,Socioambiental,Minería,Latente,,"","","",Sí,"",Mediaciones / Facilitaciones,Gobierno regional,-9.331921287922354,-77.93326678792235,ancash-yungay-quillo-mineria-socioambiental-quillo - copemina,"2024-05-22 21:21:18","2024-05-22 21:21:18",Defensoría
4138,Pampas - Tungsteno Málaga,Perú,Áncash,"",Pallasca,Pampas,"","",Minera Tungsteno Málaga del Perú S.A.,Socioambiental,Minería,Retirado,,"","","",No,"",Solo monitoreo,Gobierno regional,-8.160103382895851,-77.78048238289585,ancash-pallasca-pampas-mineria-socioambiental-pampas - tungsteno malaga,"2024-05-22 21:21:18","2024-05-22 21:21:18",Defensoría
4139,Huarupampa - Consorcio Minero Conexas,Perú,Áncash,"",Santa,Cáceres del Perú ,Caserío de Huarupampa,"",Consorcio Minero y Operaciones Conexas S.A.C.,Socioambiental,Minería,Latente,,"","","",Sí,"","Colaboración, observación activa y supervisión",Gobierno regional,-8.94972705660512,-78.06817355660513,ancash-santa-caceres del peru-mineria-socioambiental-huarupampa - consorcio minero conexas,"2024-05-22 21:21:18","2024-05-22 21:21:18",Defensoría
4140,Ticapampa - Greenex,Perú,Áncash,"",Recuay,Ticapampa,Caserío de Buenos Aires,"",Empresa Minera Greenex S.A.C.,Socioambiental,Minería,Retirado,,"","","",No,"",Solo Monitoreo,Gobierno regional,-9.733827261305871,-77.38759026130587,ancash-recuay-ticapampa-mineria-socioambiental-ticapampa - greenex,"2024-05-22 21:21:18","2024-05-22 21:21:18",Defensoría
4141,AMUCEPS - Antamina,Perú,Áncash,"",Recuay,Recuay,"C.C. Catac, C.P. Carhuayoc","Región Áncash, provincia de Huari, distrito de San Marcos",Compañía Minera Antamina S.A.,Socioambiental,Minería,Latente,,"","","",Sí,Sí,Solo Monitoreo,Gobierno nacional,-9.713328393475305,-77.4303648934753,ancash-recuay-recuay-mineria-socioambiental-amuceps - antamina,"2024-05-22 21:21:18","2024-05-22 21:21:18",Defensoría
4142,Huachocolpa – Cía minera Kolpa,Perú,Huancavelica,"",Huancavelica,Huachocolpa,C.C. Huachocolpa,"",Compañía Minera KolpaS.A.,Socioambiental,Minería,Latente,,"","","",Sí,"","Colaboración, observación activa y supervisión",Gobierno nacional,-13.055719473795925,-74.93916847379592,huancavelica-huancavelica-huachocolpa-mineria-socioambiental-huachocolpa – cia minera kolpa,"2024-05-22 21:21:18","2024-05-22 21:21:18",Defensoría
4143,Ascensión - Nexa Resources,Perú,Huancavelica,"",Huancavelica,Ascensión,C.C. Santa Cruz de Callqui Grande,"",Nexa Resources Perú S.A.A.,Socioambiental,Minería,Latente,,"","","",No,No,"Colaboración, observación activa y supervisión",Gobierno nacional,-12.784580655978415,-74.97478525597842,huancavelica-huancavelica-ascension-mineria-socioambiental-ascension - nexa resources,"2024-05-22 21:21:18","2024-05-22 21:21:18",Defensoría
4144,Chala Alta - Empresa Minera de Marmol,Perú,Junín,"",Concepción,San José de Quero,Chala Alta,"",Empresa Minera de Mármol S.A.,Socioambiental,Minería,Retirado,,"","","",No,No,"Colaboración, observación activa y supervisión",Gobierno regional,-12.094555612670247,-75.57571411267024,junin-concepcion-san jose de quero-mineria-socioambiental-chala alta - empresa minera de marmol,"2024-05-22 21:21:18","2024-05-22 21:21:18",Defensoría
4145,Kuélap,Perú,Amazonas,"",Luya,Tingo,"","","",Asuntos de gobierno nacional,"",Activo,,Inicio,Mesa de diálogo: negociación mediada o asistida,Colaborador,Sí,Sí,Solo monitoreo,Gobierno nacional,-6.387993540293075,-77.93739704029308,amazonas-luya-tingo--asuntos de gobierno nacional-kuelap,"2024-05-22 21:21:18","2024-05-22 21:21:18",Defensoría
4146,Agenda social de Condorcanqui,Perú,Amazonas,"",Condorcanqui,"","","","",Asuntos de gobierno nacional,"",Activo,,En progreso,Mesa de diálogo: negociación directa,Colaborador,Sí,Sí,"Colaboración, observación activa y supervisión",Gobierno nacional,-4.5992872585779025,-77.8642001585779,amazonas-condorcanqui---asuntos de gobierno nacional-agenda social de condorcanqui,"2024-05-22 21:21:18","2024-05-22 21:21:18",Defensoría
4147,Corral Quemado - La Calzada,Perú,Amazonas,"",Luya,Luya,"","Región Amazonas, provincia de Utcubamba, distrito de Cumba","",Asuntos de gobierno nacional,"",Activo,,En progreso,Mesa de diálogo: negociación directa,Colaborador,Sí,Sí,"Colaboración, observación activa y supervisión",Gobierno nacional,-6.173313899666426,-77.99394239966642,amazonas-luya-luya--asuntos de gobierno nacional-corral quemado - la calzada,"2024-05-22 21:21:18","2024-05-22 21:21:18",Defensoría
4148,Municipalidad de Huandoval,Perú,Áncash,"",Pallasca,Huandoval,"","","",Asuntos de gobierno local,"",Activo,,"","","",No,"","Colaboración, observación activa y supervisión",Gobierno local,-8.328580831318414,-77.9506043313184,ancash-pallasca-huandoval--asuntos de gobierno local-municipalidad de huandoval,"2024-05-22 21:21:18","2024-05-22 21:21:18",Defensoría
4149,Respaldo a Majes - Siguas II,Perú,Arequipa,"",Castilla,"","","","",Asuntos de gobierno nacional,"",Activo,,En progreso,Mesa de diálogo: negociación mediada o asistida,Colaborador,Sí,Sí,Solo Monitoreo,Gobierno nacional,-16.075782947702027,-72.49278234770203,arequipa-castilla---asuntos de gobierno nacional-respaldo a majes - siguas ii,"2024-05-22 21:21:18","2024-05-22 21:21:18",Defensoría
4150,Aeropuerto Chinchero,Perú,Cusco,Cusco,Urubamba,Chinchero,"","",Aeroportuaria Kuntur Wasi S.A.,Asuntos de gobierno nacional,"",Activo,,"","","",No,"",Solo monitoreo,Gobierno nacional,-13.409735993209537,-72.04286949320955,cusco-urubamba-chinchero--asuntos de gobierno nacional-aeropuerto chinchero,"2024-05-22 21:21:18","2024-05-22 21:21:18",Defensoría
4151,Tarrifas trenes en Machupicchu,Perú,Cusco,"",Urubamba,Machupicchu,"","","",Asuntos de gobierno nacional,"",Activo,,Inicio,Mesa de diálogo: negociación mediada o asistida,Colaborador,Sí,No,"Colaboración, observación activa y supervisión",Gobierno nacional,-13.216875387618268,-72.49258038761826,cusco-urubamba-machupicchu--asuntos de gobierno nacional-tarrifas trenes en machupicchu,"2024-05-22 21:21:18","2024-05-22 21:21:18",Defensoría
4152,Cultivadores de hoja de coca,Perú,Cusco,"",La Convención,"","","",ENACO S.A.,Asuntos de gobierno nacional,"",Activo,,"","","",No,No,Solo monitoreo,Gobierno nacional,-12.864636099647306,-72.6923978996473,cusco-la convencion---asuntos de gobierno nacional-cultivadores de hoja de coca,"2024-05-22 21:21:18","2024-05-22 21:21:18",Defensoría
4153,Frente de Defensa de los Intereses de Macuya,Perú,Huánuco,"",Puerto Inca,Tournavista,C.P. Macuya,"",CEPSA PERUANA S.A.C.,Asuntos de gobierno local,"",Activo,,En progreso,Mesa de diálogo: negociación mediada o asistida,"",No,No,"Colaboración, observación activa y supervisión",Gobierno local,-9.023459038921343,-74.89558653892135,huanuco-puerto inca-tournavista--asuntos de gobierno local-frente de defensa de los intereses de macuya,"2024-05-22 21:21:18","2024-05-22 21:21:18",Defensoría
4154,Trabajadores sector agroexportador,Perú,Ica,"",Ica,Salas,Centro Poblado Villacurí,"","",Asuntos de gobierno nacional,"",Activo,,"","","",Sí,No,Intervención humanitaria / Acciones legales,Gobierno nacional,-13.919263647624003,-75.865624647624,ica-ica-salas--asuntos de gobierno nacional-trabajadores sector agroexportador,"2024-05-22 21:21:18","2024-05-22 21:21:18",Defensoría
4155,FREDESAAA - FEDEAGRAA / ELECTRO ORIENTE S.A.,Perú,Loreto,"",Alto Amazonas,Yurimaguas,"","",Electro Oriente S.A.,Asuntos de gobierno nacional,"",Activo,,"","","",Sí,Sí,"Colaboración, observación activa y supervisión",Gobierno nacional,-5.858563431941392,-76.0081689319414,loreto-alto amazonas-yurimaguas--asuntos de gobierno nacional-fredesaaa - fedeagraa / electro oriente s.a.,"2024-05-22 21:21:18","2024-05-22 21:21:18",Defensoría
4156,Usuarios de electricidad en Nauta,Perú,Loreto,"",Loreto,Nauta,"","",Electro Oriente S.A.,Asuntos de gobierno nacional,"",Activo,,"","","",Sí,Sí,"Colaboración, observación activa y supervisión",Gobierno nacional,-4.459354730984437,-74.15769073098444,loreto-loreto-nauta--asuntos de gobierno nacional-usuarios de electricidad en nauta,"2024-05-22 21:21:18","2024-05-22 21:21:18",Defensoría
4157,ACONAKKU - Urarinas,Perú,Loreto,"",Loreto,Urarinas,"","","",Asuntos de gobierno nacional,"",Activo,,"","","",Sí,No,Solo monitoreo,Gobierno local,-4.300356125076837,-75.49871812507683,loreto-loreto-urarinas--asuntos de gobierno nacional-aconakku - urarinas,"2024-05-22 21:21:18","2024-05-22 21:21:18",Defensoría
4158,Estación 5 - Datem del Marañón,Perú,Loreto,"",Datem del Marañón,"","","","",Asuntos de gobierno nacional,"",Activo,,En progreso,Mesa de diálogo: negociación directa,"",Sí,Sí,Solo monitoreo,Gobierno nacional,-4.828583906398447,-76.55434040639844,loreto-datem del maranon---asuntos de gobierno nacional-estacion 5 - datem del maranon,"2024-05-22 21:21:18","2024-05-22 21:21:18",Defensoría
4159,Pobladores del distrito de Alto Nanay,Perú,Loreto,"",Maynas,Alto Nanay,"","","",Asuntos de gobierno local,"",Activo,,"","","",Sí,No,"Colaboración, observación activa y supervisión",Gobierno local,-3.2884139243228176,-74.2929319243228,loreto-maynas-alto nanay--asuntos de gobierno local-pobladores del distrito de alto nanay,"2024-05-22 21:21:18","2024-05-22 21:21:18",Defensoría
4160,Minerìa informal ley de formalización,Perú,La Libertad,Multiregión,"","","La Lbertad, Lima, Ica, Apurimac, entre otros","","",Asuntos de gobierno nacional,Minería,Activo,,"","","",No,No,Solo monitoreo,Gobierno nacional,-8.144256420936918,-78.47585762093692,la libertad---mineria-asuntos de gobierno nacional-mineria informal ley de formalizacion,"2024-05-22 21:21:18","2024-05-22 21:21:18",Defensoría
4161,Agricultores y ganaderos lecheros,Perú,Junín,Multiregión,Huancayo,Huancayo,"",Región de Huánuco. Región de Ica.,"",Asuntos de gobierno nacional,"",Activo,,"","","",Sí,Sí,"Colaboración, observación activa y supervisión",Gobierno nacional,-11.994155025917998,-75.09178752591798,junin-huancayo-huancayo--asuntos de gobierno nacional-agricultores y ganaderos lecheros,"2024-05-22 21:21:18","2024-05-22 21:21:18",Defensoría
4162,Crisis política - Diciembre 2022,Perú,Puno,Nacional,"","","","","",Asuntos de gobierno nacional,"",Activo,,"","","",Sí,No,"Colaboración, observación activa y supervisión",Poder legislativo,-15.84086510176505,-70.02252380176505,puno----asuntos de gobierno nacional-crisis politica - diciembre 2022,"2024-05-22 21:21:18","2024-05-22 21:21:18",Defensoría
4163,Cuenca Suches - Minería informal e ilegal (II),Perú,Puno,"",Huancané,Cojata,"","","",Socioambiental,Minería,Activo,,En progreso,Mesa de diálogo: negociación mediada o asistida,Colaborador,No,No,"Colaboración, observación activa y supervisión",Gobierno regional,-15.016312480041263,-69.35146098004127,puno-huancane-cojata-mineria-socioambiental-cuenca suches - mineria informal e ilegal (ii),"2024-05-22 21:21:18","2024-05-22 21:21:18",Defensoría
4164,Parcialidad Apacheta - Residuos sólidos,Perú,Puno,"",El Collao,Ilave,Parcialidad Apacheta,"","",Socioambiental,Residuos y saneamiento,Activo,,"","","",Sí,No,"Colaboración, observación activa y supervisión",Gobierno nacional,-16.23495937187936,-69.66686337187936,puno-el collao-ilave-residuos y saneamiento-socioambiental-parcialidad apacheta - residuos solidos,"2024-05-22 21:21:18","2024-05-22 21:21:18",Defensoría
4165,Cabanillas/Juliaca - Celdas Transitorias,Perú,Puno,"",San Román,Cabanillas,"","Región de Cusco, provincia de San Román, distrito de Juliaca","",Socioambiental,Residuos y saneamiento,Activo,,En progreso,Mesa de diálogo: negociación mediada o asistida,Colaborador,No,"","Colaboración, observación activa y supervisión",Gobierno local,-15.826020565450268,-70.61010856545028,puno-san roman-cabanillas-residuos y saneamiento-socioambiental-cabanillas/juliaca - celdas transitorias,"2024-05-22 21:21:18","2024-05-22 21:21:18",Defensoría
4166,Cuenca Coata,Perú,Puno,"",Puno,Coata,"","","",Socioambiental,Minería,Activo,,En progreso,Mesa de diálogo: negociación mediada o asistida,Colaborador,Sí,Sí,"Colaboración, observación activa y supervisión",Gobierno nacional,-15.617369447752354,-69.92222244775235,puno-puno-coata-mineria-socioambiental-cuenca coata,"2024-05-22 21:21:18","2024-05-22 21:21:18",Defensoría
4167,Ocuviri - Aruntani (Arasi),Perú,Puno,"",Lampa,Ocuviri,CC.CC. Hatun Ayllu y Caycho,"",Empresa Arasi S.A.C. - Grupo Aruntani,Socioambiental,Minería,Activo,,En progreso,Mesa de diálogo: negociación mediada o asistida,"",Sí,Sí,"Colaboración, observación activa y supervisión",Gobierno nacional,-15.181572381066777,-70.84954638106677,puno-lampa-ocuviri-mineria-socioambiental-ocuviri - aruntani (arasi),"2024-05-22 21:21:18","2024-05-22 21:21:18",Defensoría
4168,Cuenca Llallimayo - Aruntani,Perú,Puno,"",Melgar,Llalli,"","",Aruntani S.A.C.,Socioambiental,Minería,Activo,,En progreso,Mesa de diálogo: negociación mediada o asistida,Colaborador,Sí,Sí,"Colaboración, observación activa y supervisión",Gobierno nacional,-14.99713006720421,-70.92053106720421,puno-melgar-llalli-mineria-socioambiental-cuenca llallimayo - aruntani,"2024-05-22 21:21:18","2024-05-22 21:21:18",Defensoría
4169,Ramis - Minería informal,Perú,Puno,"",San Antonio de Putina,Ananea,"","Región Puno, provincia de Carabaya, distrito de Macusani
  Región Puno, provincia de Carabaya, distrito de Crucero
  Región Puno, provincia de Azángaro, distrito de Azángaro","",Socioambiental,Minería,Activo,,Inicio,Mesa de diálogo: negociación mediada o asistida,"",No,"","Colaboración, observación activa y supervisión",Gobierno nacional,-14.682052523942737,-69.49359052394274,puno-san antonio de putina-ananea-mineria-socioambiental-ramis - mineria informal,"2024-05-22 21:21:18","2024-05-22 21:21:18",Defensoría
4170,Suministro de agua de Paucarcolla,Perú,Puno,"",Puno,Paucarcolla,"","",Empresa Municipal de Saneamiento Básico de Puno - EMSA PUNO S.A.,Asuntos de gobierno local,"",Activo,,Inicio,Mesa de diálogo: negociación mediada o asistida,Mediador / Facilitador,No,"",Mediaciones / Facilitaciones,Gobierno local,-15.725819859822755,-70.05543135982276,puno-puno-paucarcolla--asuntos de gobierno local-suministro de agua de paucarcolla,"2024-05-22 21:21:18","2024-05-22 21:21:18",Defensoría
4171,Paro por Puente Tarata,Perú,San Martín,"",Mariscal Cáceres,Juanjui,"","","",Asuntos de gobierno nacional,"",Activo,,En progreso,Mesa de diálogo: negociación directa,Colaborador,Sí,Sí,Solo monitoreo,Gobierno nacional,-7.223224028575145,-76.78777852857513,san martin-mariscal caceres-juanjui--asuntos de gobierno nacional-paro por puente tarata,"2024-05-22 21:21:18","2024-05-22 21:21:18",Defensoría
4172,FRECIDES - demandas nacionales,Perú,San Martín,"",San Martín,Tarapoto,"","","",Asuntos de gobierno nacional,"",Activo,,"","","",Sí,Sí,"Colaboración, observación activa y supervisión",Gobierno nacional,-6.49286437505137,-76.37041387505137,san martin-san martin-tarapoto--asuntos de gobierno nacional-frecides - demandas nacionales,"2024-05-22 21:21:18","2024-05-22 21:21:18",Defensoría
4173,Agua y alcantarillado - Tocache,Perú,San Martín,"",Tocache,Tocache,"","","",Asuntos de gobierno local,"",Activo,,"","","",Sí,Sí,"Colaboración, observación activa y supervisión",Gobierno nacional,-8.265421245143173,-76.53611674514318,san martin-tocache-tocache--asuntos de gobierno local-agua y alcantarillado - tocache,"2024-05-22 21:21:18","2024-05-22 21:21:18",Defensoría
4174,Candarave - Southern,Perú,Tacna,"",Candarave,Candarave,"","",Southern Perú Cooper Corporation,Socioambiental,Minería,Activo,,En progreso,Mesa de diálogo: negociación mediada o asistida,Colaborador,No,No,"Colaboración, observación activa y supervisión",Gobierno nacional,-17.056768817908278,-70.26879431790827,tacna-candarave-candarave-mineria-socioambiental-candarave - southern,"2024-05-22 21:21:18","2024-05-22 21:21:18",Defensoría
4175,Comerciantes del Mercado Progreso,Perú,Áncash,"",Santa,Chimbote,"","","",Asuntos de gobierno local,"",Latente,,"","","",Sí,Sí,"Colaboración, observación activa y supervisión",Gobierno local,-9.069212054874518,-78.5848529632529,ancash-santa-chimbote--asuntos de gobierno local-comerciantes del mercado progreso,"2024-05-22 21:21:18","2024-05-22 21:21:18",Defensoría
4176,Supayaku - Municipalidad Distrital de Huarango,Perú,Cajamarca,"",San Ignacio,Huarango,Comunidad Nativa Supayaku,"","",Asuntos de gobierno local,"",Latente,,"","","",Sí,Sí,Mediaciones / Facilitaciones,Gobierno local,-5.0158123248165465,-78.69735682481655,cajamarca-san ignacio-huarango--asuntos de gobierno local-supayaku - municipalidad distrital de huarango,"2024-05-22 21:21:18","2024-05-22 21:21:18",Defensoría
4177,Mercado Modelo de Chiclayo,Perú,Lambayeque,"",Chiclayo,José Leonardo Ortiz,"","","",Asuntos de gobierno local,"",Latente,,"","","",No,"",Mediaciones / Facilitaciones,Gobierno local,-6.739602599424356,-79.83417659942437,lambayeque-chiclayo-jose leonardo ortiz--asuntos de gobierno local-mercado modelo de chiclayo,"2024-05-22 21:21:18","2024-05-22 21:21:18",Defensoría
4178,Vilavilani II - Fase I,Perú,Puno,Multiregión,El Collao,"","","Región Puno, provincia de Chucuito,
  Región Tacna, provincia de Tacna, distrito de Palca, comunidad de Kallapuma.
  Región Tacna, provincia de Tarata.","",Socioambiental,Otros,Latente,,"","","",No,"","Colaboración, observación activa y supervisión",Gobierno regional,-16.080034229694927,-69.63776002969492,puno-el collao--otros-socioambiental-vilavilani ii - fase i,"2024-05-22 21:21:18","2024-05-22 21:21:18",Defensoría
4179,Mercado Modelo de Piura,Perú,Piura,"",Piura,Piura ,"","","",Asuntos de gobierno local,"",Latente,,"","","",Sí,"",Solo Monitoreo,Gobierno local,-5.079164658432644,-80.68056365843265,piura-piura-piura--asuntos de gobierno local-mercado modelo de piura,"2024-05-22 21:21:18","2024-05-22 21:21:18",Defensoría
4180,Drenaje pluvial Juliaca,Perú,Puno,"",San Román,Juliaca,"","","",Asuntos de gobierno local,"",Latente,,"","","",Sí,Sí,Mediaciones / Facilitaciones,Org. Const. Autónomo,-15.44423653310229,-70.18225003310228,puno-san roman-juliaca--asuntos de gobierno local-drenaje pluvial juliaca,"2024-05-22 21:21:18","2024-05-22 21:21:18",Defensoría
4181,Vilcas Huamán – Rechazo a minería,Perú,Ayacucho,"",Vilcas Huamán,"","","","",Socioambiental,Minería,Activo,,"","","",No,"","Colaboración, observación activa y supervisión",Gobierno nacional,-13.65533546295434,-73.95337356295434,ayacucho-vilcas huaman--mineria-socioambiental-vilcas huaman – rechazo a mineria,"2024-05-22 21:21:18","2024-05-22 21:21:18",Defensoría
4182,Mariscal Nieto - Huatipuka,Perú,Moquegua,"",Mariscal Nieto,"","","",Tower and Tower S.A.,Socioambiental,Residuos y saneamiento,Activo,,"","","",No,"","Colaboración, observación activa y supervisión",Gobierno nacional,-17.18753802717214,-70.93103142717213,moquegua-mariscal nieto--residuos y saneamiento-socioambiental-mariscal nieto - huatipuka,"2024-05-22 21:21:18","2024-05-22 21:21:18",Defensoría
