"id","source","number","date","address","type","status","machines","lat","lng","state","createdAt","updatedAt","color"
1,,"2021018086","2021-07-09 18:28:57",AV. GENERAL CESAR CANEVARO  900  - LINCE,ACCIDENTE VEHICULAR / PARTICULAR / AUTOMOVIL,ATENDIENDO,"[""M4-1"",""M36-1"",""AMB-14"",""RES-4"",""RES-202""]",-12.0846462969277,-77.0428312512355,1,"2021-07-09 19:26:47","2021-07-09 19:26:47",#E65100
2,,"2021018081","2021-07-09 17:39:20",CL. JULIO BELLIDO  742  - SAN JUAN DE MIRAFLORES,INCENDIO / ESTRUCTURAS / VIVIENDA / MATERIAL NOBLE,ATENDIENDO,"[""M120-1"",""RES-105"",""RES-120"",""M106-1"",""M134-1""]",-12.1596798534047,-76.9685050292613,1,"2021-07-09 19:26:47","2021-07-09 19:26:47",#D32F2F
3,,"2021018077","2021-07-09 17:17:38",JR. 3 DE FEBRERO  800  - LA VICTORIA,INCENDIO / ESTRUCTURAS / VIVIENDA / MATERIAL NOBLE,ATENDIENDO,"[""M8-1"",""M4-1"",""M176-1"",""AMB-3"",""RES-4""]",-12.0690472,-77.0102047,1,"2021-07-09 19:26:47","2021-07-09 19:26:47",#D32F2F
4,,"2021018075","2021-07-09 16:33:01",ENTRADA A LAS VEGAS    - LURIGANCHO,MATERIALES PELIGROSOS (INCIDENTE) / FUGA GAS GLP Y OTROS GASES INFLAM / BALON DOMICILIARIO (10KG),ATENDIENDO,"[""M169-1"",""M138-1"",""M115-2"",""AMB-32-2"",""RESLIG-32"",""M32-1""]",-11.9680172033911,-76.7502356538743,1,"2021-07-09 19:26:47","2021-07-09 19:26:47",#757575
5,,"2021018047","2021-07-09 05:31:16",PJ. VILLA EL SALVADOR SECTOR 2 GRUPO 26 J    - VILLA EL SALVADOR,INCENDIO / ESTRUCTURAS / VIVIENDA / MATERIAL NOBLE,CERRADO,"[""M105-1"",""AMB-129"",""M106-1""]",-12.2096877749086,-76.9500384436039,1,"2021-07-09 19:26:47","2021-07-09 19:26:47",#D32F2F
6,,"2021018106","2021-07-09 22:26:17",AV. LA MARINA  2900  - SAN MIGUEL,INCENDIO / ESTRUCTURAS / VIVIENDA / MATERIAL NOBLE,ATENDIENDO,"[""M60-5"",""M83-1"",""AMB100-1"",""RES-36"",""M60-1""]",-12.0766051092901,-77.0953888246137,1,"2021-07-09 22:29:27","2021-07-09 22:29:27",#D32F2F
7,,"2021018120","2021-07-10 01:27:23",JR. TALANA (JUAN ANSELMO ALVAREZ) CRUCE CON AV. LIMA (LA VICTORIA) BARRANCO    - BARRANCO,INCENDIO / ESTRUCTURAS / VIVIENDA / MATERIAL NOBLE,ATENDIENDO,"[""M16-1"",""AMB-28"",""M13-1"",""RES-28""]",-12.1452348551645,-77.0167135672311,1,"2021-07-10 01:29:28","2021-07-10 01:29:28",#D32F2F
8,,"2021018122","2021-07-10 01:52:31",PJ. MANSILLA  300  - SANTIAGO DE SURCO,INCENDIO / ESTRUCTURAS / VIVIENDA / MATERIAL NOBLE,ATENDIENDO,"[""M16-1"",""M134-1"",""RES-28""]",-12.148226184731,-77.0073003211266,1,"2021-07-10 02:29:28","2021-07-10 02:29:28",#D32F2F
9,,"2021018136","2021-07-10 03:21:48",AV. CESAR CANEVARO CRUCE CON AV. PEDRO SILVA SAN JUAN DE MIRAFLORES    - SAN JUAN DE MIRAFLORES,INCENDIO / TERRENO BALDIO,ATENDIENDO,"[""M120-1"",""RES-120"",""M134-1""]",-12.1671078247371,-76.9690915736094,1,"2021-07-10 04:29:27","2021-07-10 04:29:27",#D32F2F
10,,"2021018144","2021-07-10 06:10:53",CL. LOS ALAMOS  000  - PUENTE PIEDRA,INCENDIO / TERRENO BALDIO,ATENDIENDO,"[""M150-1"",""AMB-124"",""M124-1""]",-11.9075406066611,-77.074036552278,1,"2021-07-10 07:29:27","2021-07-10 07:29:27",#D32F2F
11,,"2021018154","2021-07-10 13:41:59",CARRETERA CENTRAL  KM  18    - CHACLACAYO,SERVICIO ESPECIAL / PREVENCION - CAPACITACION / PRACTICAS,ATENDIENDO,"[""M115-2"",""M115-1"",""AMB-115"",""AMB-115-2"",""RES-115""]",-11.9907841,-76.8217274,1,"2021-07-10 14:29:28","2021-07-10 14:29:28",#40C4FF
12,,"2021018189","2021-07-10 19:45:56",AV. CORONEL FRANCISCO BOLOGNESI CRUCE CON CA. CENTRAL SANTA ANITA    - SANTA ANITA,ACCIDENTE VEHICULAR / PARTICULAR / AUTOMOVIL,ATENDIENDO,"[""M138-1"",""AMB-96"",""AMB8-2"",""AMB-3"",""RES138""]",-12.0566039582899,-76.969098700929,1,"2021-07-10 20:29:27","2021-07-10 20:29:27",#E65100
13,,"2021018272","2021-07-11 17:43:52",ACANGARA HUANTA    - HUANTA,INCENDIO / ESTRUCTURAS / VIVIENDA / MATERIAL NOBLE,CERRADO,"[""M220-3"",""AMB-220"",""RES-220""]",-12.8931107,-74.1944529,1,"2021-07-11 21:29:26","2021-07-11 21:29:26",#D32F2F
14,,"2021018316","2021-07-12 00:33:16",JR. MOYOBAMBA  400  - SAN MARTIN DE PORRES,INCENDIO / ESTRUCTURAS / VIVIENDA / MATERIAL NOBLE,ATENDIENDO,"[""M161-1"",""AMB-168"",""RESLIG-161"",""M9-1""]",-12.0305333380813,-77.0777165437972,1,"2021-07-12 01:29:27","2021-07-12 01:29:27",#D32F2F
15,,"2021018321","2021-07-12 01:42:04",JR. IQUITOS  400  - LURIGANCHO,"INCENDIO / FORESTAL / TERRENO DE CULTIVO,CHACRA, OTROS",ATENDIENDO,"[""AMB-32"",""RESLIG-32"",""M32-1""]",-11.9375157950327,-76.6989627973311,1,"2021-07-12 02:29:28","2021-07-12 02:29:28",#D32F2F
16,,"2021018325","2021-07-12 02:41:58",PJ. NAVIDAD  000  - LURIGANCHO,INCENDIO / EQUIPOS ELECTRICOS CON ENERGIA / SUB ESTACION DE TRANSMISION,ATENDIENDO,"[""M115-1"",""RESLIG-32"",""M32-1""]",-11.9401390624335,-76.7071529333969,1,"2021-07-12 04:29:27","2021-07-12 04:29:27",#D32F2F
17,,"2021018396","2021-07-12 21:25:19",AV. BRASIL  3800  - MAGDALENA DEL MAR,INCENDIO / VEHICULO / AUTOMOVIL / VIA PUBLICA,ATENDIENDO,"[""M100-1"",""M10-1"",""RES-202""]",-12.0944288227876,-77.0698820769438,1,"2021-07-12 21:29:27","2021-07-12 21:29:27",#D32F2F
18,,"2021018409","2021-07-12 23:25:50",JR. GENERAL FELIPE VARELA  1618  - BREÑA,INCENDIO / ESTRUCTURAS / VIVIENDA / MATERIAL NOBLE,ATENDIENDO,"[""M14-1"",""M10-1"",""M4-1"",""M2-1"",""AMB-3"",""RES-10"",""RES-202""]",-12.0640033290924,-77.0500345736021,1,"2021-07-13 00:29:27","2021-07-13 00:29:27",#D32F2F
19,,"2021018435","2021-07-13 07:27:22",CL. BURGOS CRUCE CON CL. TOMAS EDISON SAN ISIDRO    - SAN ISIDRO,INCENDIO / ESTRUCTURAS / VIVIENDA / MATERIAL NOBLE,ATENDIENDO,"[""M100-1"",""MED-202"",""RES-100"",""RES-202""]",-12.0899029199969,-77.0502184584358,1,"2021-07-13 07:29:27","2021-07-13 07:29:27",#D32F2F
20,,"2021018439","2021-07-13 11:19:40",UR. EL CUADRO    - CHACLACAYO,INCENDIO / FORESTAL / BOSQUES,ATENDIENDO,"[""M115-1"",""RESLIG-32"",""M32-1""]",-11.989390849069,-76.7969740240867,1,"2021-07-13 13:29:27","2021-07-13 13:29:27",#D32F2F
21,,"2021018477","2021-07-13 17:10:33",PJ. 13 DE OCTUBRE MZ. H LT 10    - SAN JUAN DE MIRAFLORES,INCENDIO / ESTRUCTURAS / VIVIENDA / MATERIAL NOBLE,ATENDIENDO,"[""M105-1"",""CIST-155"",""AMB-129"",""RES-120"",""M134-1""]",-12.1753246778683,-76.9666045576083,1,"2021-07-13 17:29:28","2021-07-13 17:29:28",#D32F2F
22,,"2021018516","2021-07-14 00:10:19",JR. ANCASH  900  - CALLAO,INCENDIO / ESTRUCTURAS / VIVIENDA / MATERIAL NOBLE,ATENDIENDO,"[""M1-1"",""AMB-34"",""M15-1""]",-12.0652240253423,-77.1345639842328,1,"2021-07-14 00:29:27","2021-07-14 00:29:27",#D32F2F
23,,"2021018538","2021-07-14 03:10:47",AH. SAN PEDRO DE CHOQUE MZ N LOTE 8    - PUENTE PIEDRA,INCENDIO / ESTRUCTURAS / VIVIENDA / MATERIAL NOBLE,ATENDIENDO,"[""M150-1"",""M184-1"",""M124-1"",""M164-1""]",-11.8677311502128,-77.0615252151015,1,"2021-07-14 03:29:27","2021-07-14 03:29:27",#D32F2F
24,,"2021018553","2021-07-14 09:20:21",AV. TALARA  681  - JESUS MARIA,INCENDIO / VEHICULO / AUTOMOVIL / VIA PUBLICA,ATENDIENDO,"[""M14-1"",""M4-1"",""AMB-2"",""RES-202""]",-12.0716904967954,-77.0430326381822,1,"2021-07-14 10:29:27","2021-07-14 10:29:27",#D32F2F
25,,"2021018585","2021-07-14 18:14:44",AV. PACHACUTEC (LOS HEROES)  515  - SAN JUAN DE MIRAFLORES,INCENDIO / ESTRUCTURAS / VIVIENDA / MATERIAL NOBLE,ATENDIENDO,"[""M120-1"",""M134-1"",""RES-16""]",-12.1540316479275,-76.9713117315753,1,"2021-07-14 18:29:27","2021-07-14 18:29:27",#D32F2F
26,,"2021018627","2021-07-15 02:12:58",CL. TEODORO CARDENAS CRUCE CON CL. MONTERO ROSAS LIMA    - LIMA,INCENDIO / OTROS / CHIMENEA,ATENDIENDO,"[""M4-1"",""AMB8-2"",""RES-202""]",-12.0774878250559,-77.0335315798998,1,"2021-07-15 02:29:28","2021-07-15 02:29:28",#D32F2F
27,,"2021018635","2021-07-15 03:37:33",AV. VENEZUELA  1300  - BELLAVISTA,INCENDIO / ESTRUCTURAS / VIVIENDA / MATERIAL NOBLE,ATENDIENDO,"[""M7-5"",""M60-5"",""AMB-1"",""M15-1""]",-12.0631632938687,-77.1082820175219,1,"2021-07-15 04:29:27","2021-07-15 04:29:27",#D32F2F
28,,"2021018643","2021-07-15 08:49:51",AV. ALAMEDA LOS HORIZONTES CRUCE CON AV. ALAMEDA SAN MARCOS (A) CHORRILLOS    - CHORRILLOS,INCENDIO / ESTRUCTURAS / VIVIENDA / MATERIAL NOBLE,ATENDIENDO,"[""M120-1"",""AMB-28"",""RES-120"",""M6-1""]",-12.2019198342569,-77.0051255349627,1,"2021-07-15 09:29:26","2021-07-15 09:29:26",#D32F2F
29,,"2021018651","2021-07-15 12:30:10",CARRETERAS - PANAMERICANAS PANAMERICANA SUR 10    - SANTIAGO DE SURCO,ACCIDENTE VEHICULAR / PARTICULAR / AUTOMOVIL,ATENDIENDO,"[""M120-1"",""MED-28"",""AMB-28"",""RES-120"",""M134-1""]",-12.1447309659069,-76.9819780170667,1,"2021-07-15 13:29:27","2021-07-15 13:29:27",#E65100
30,,"2021018658","2021-07-15 14:29:54",CL. M. QUIMPER  256  - SAN MARTIN DE PORRES,MATERIALES PELIGROSOS (INCIDENTE) / FUGA GAS GLP Y OTROS GASES INFLAM / EN VEHICULO,ATENDIENDO,"[""M3-1"",""M21-1"",""M65-1"",""AMB-3"",""RES-10""]",-12.0315184148379,-77.0452568143306,1,"2021-07-15 15:29:27","2021-07-15 15:29:27",#757575
31,,"2021018671","2021-07-15 17:06:27",AS. SAN ANTONIO DE CARAPONGO I ETAPA V LT 8    - LURIGANCHO,INCENDIO / ESTRUCTURAS / VIVIENDA / MATERIAL NOBLE,ATENDIENDO,"[""M169-1"",""M115-2"",""MED-236"",""RES-169"",""M96-1""]",-12.0025727173334,-76.8791920100327,1,"2021-07-15 17:29:27","2021-07-15 17:29:27",#D32F2F
32,,"2021018709","2021-07-16 00:56:25",JR. SANTA FE  400  - SAN MARTIN DE PORRES,INCENDIO / ESTRUCTURAS / VIVIENDA / MATERIAL NOBLE,ATENDIENDO,"[""M65-1"",""M161-1"",""M3-1"",""AMB161-2"",""RES-65""]",-12.0312310712509,-77.0661808485446,1,"2021-07-16 01:29:27","2021-07-16 01:29:27",#D32F2F
33,,"2021018722","2021-07-16 03:50:28",AV. LOS DOMINICOS (LOS VIRREYES)  MZ  A  LT  3  1500  - SANTA ANITA,INCENDIO / ESTRUCTURAS / VIVIENDA / MATERIAL NOBLE,ATENDIENDO,"[""M169-1"",""M138-1"",""AMB-169"",""RES138""]",-12.0329694214681,-76.9495203653095,1,"2021-07-16 04:29:29","2021-07-16 04:29:29",#D32F2F
34,,"2021018930","2021-07-18 01:46:09",PJ. COBRIZA AH 7 DE OCTUBRE  000  - EL AGUSTINO,INCENDIO / ESTRUCTURAS / VIVIENDA / MATERIAL NOBLE,ATENDIENDO,"[""M176-1"",""M8-1"",""AMB-8"",""RES-2""]",-12.0560027878804,-76.9949356231549,1,"2021-07-18 02:27:42","2021-07-18 02:27:42",#D32F2F
35,,"2021018959","2021-07-18 06:30:10",CL. SAN ALBERTO CRUCE CON PR. EL CARMEN SURQUILLO/ casa huerta    - SURQUILLO,INCENDIO / ESTRUCTURAS / VIVIENDA / MATERIAL NOBLE,ATENDIENDO,"[""M28-1"",""AMB100-1"",""RES-11"",""RES-28""]",-12.1145256807696,-77.014880059319,1,"2021-07-18 07:27:42","2021-07-18 07:27:42",#D32F2F
36,,"2021018966","2021-07-18 08:31:04",CL. LOS NARANJOS  215  - COMAS,INCENDIO / ESTRUCTURAS / VIVIENDA / MATERIAL NOBLE,ATENDIENDO,"[""AMB-168"",""RES-168"",""M164-1"",""M124-1""]",-11.9130021882658,-77.0485669392153,1,"2021-07-18 09:27:43","2021-07-18 09:27:43",#D32F2F
37,,"2021019050","2021-07-18 23:51:51",JR. JORGE CHAVEZ  2116  - COMAS,INCENDIO / ESTRUCTURAS / VIVIENDA / MATERIAL NOBLE,ATENDIENDO,"[""M168-1"",""AMB-124"",""RESLIG-161"",""M124-1""]",-11.9621847308654,-77.0383169492835,1,"2021-07-19 00:27:41","2021-07-19 00:27:41",#D32F2F
38,,"2021019073","2021-07-19 03:24:17",AV. SAN BORJA NORTE (ENRIQUE GARCIA SAYAN)  1150  - SAN BORJA,INCENDIO / ESTRUCTURAS / VIVIENDA / MATERIAL NOBLE,ATENDIENDO,"[""RES-11"",""M11-1"",""RES-127""]",-12.093746963509,-76.9933826185587,1,"2021-07-19 03:27:43","2021-07-19 03:27:43",#D32F2F
39,,"2021018973","2021-07-18 11:50:09",NESTOR GAMBETA CRUCE LA PLAYA  EXPLANADA PEDRO CUEVA    - VENTANILLA,SERVICIO ESPECIAL / PREVENCION - CAPACITACION / PRACTICAS,ATENDIENDO,"[""M18-1"",""AMB-9"",""AUX-18"",""M184-1"",""M7-1""]",-11.8782732,-77.126587,1,"2021-07-19 04:27:41","2021-07-19 04:27:41",#40C4FF
40,,"2021019084","2021-07-19 08:21:24",JR. JUVENAL DENEGRI  273  - LA VICTORIA,INCENDIO / ESTRUCTURAS / VIVIENDA / MATERIAL NOBLE,ATENDIENDO,"[""M4-1"",""M8-1"",""RESLIG-11""]",-12.0837054312181,-77.0115823546182,1,"2021-07-19 08:27:42","2021-07-19 08:27:42",#D32F2F
41,,"2021019101","2021-07-19 13:36:31",AV. BUENOS AIRES  1400  - PUENTE PIEDRA,INCENDIO / VEHICULO / AUTOMOVIL / VIA PUBLICA,ATENDIENDO,"[""M75-1"",""M232-3"",""M184-1""]",-11.855023469513,-77.0881077339976,1,"2021-07-19 14:27:48","2021-07-19 14:27:48",#D32F2F
42,,"2021019104","2021-07-19 15:03:37",AV. LA UNION (MICAELA BASTIDAS)  1000  - VILLA MARIA DEL TRIUNFO,INCENDIO / ESTRUCTURAS / VIVIENDA / MATERIAL NOBLE,ATENDIENDO,"[""M134-1"",""M155-1"",""RES-16""]",-12.1785257807371,-76.9479265662147,1,"2021-07-19 15:27:43","2021-07-19 15:27:43",#D32F2F
43,,"2021019113","2021-07-19 17:59:53",JR. HUANCAVELICA  957  - LIMA,INCENDIO / EQUIPOS ELECTRICOS CON ENERGIA / TRANSFORMADORES DE ALTA TENSION,ATENDIENDO,"[""M2-1"",""M3-1"",""M21-1"",""M10-1"",""AMB100-2""]",-12.0427573142596,-77.0412732008428,1,"2021-07-19 18:27:45","2021-07-19 18:27:45",#D32F2F
44,,"2021019121","2021-07-19 19:19:50",CL. LOS CEDROS  MZ  B1 LT 17  CO. UMAMARCA    - SAN JUAN DE MIRAFLORES,INCENDIO / ESTRUCTURAS / VIVIENDA / MATERIAL NOBLE,ATENDIENDO,"[""M134-1"",""M105-1"",""RES-16""]",-12.1739566496478,-76.9795234803152,1,"2021-07-19 19:27:46","2021-07-19 19:27:46",#D32F2F
45,,"2021019120","2021-07-19 18:55:00",AV. MATEO PUMACAHUA CRUCE CON AV. PACHACUTEC (ATOCONGO) VILLA EL SALVADOR    - VILLA EL SALVADOR,INCENDIO / VEHICULO / AUTOMOVIL / VIA PUBLICA,ATENDIENDO,"[""M134-1"",""M155-1"",""M105-1""]",-12.1830008054175,-76.9422885479142,1,"2021-07-19 19:27:46","2021-07-19 19:27:46",#D32F2F
46,,"2021019124","2021-07-19 20:36:44",CL. ASCOPE CRUCE CON AV. ENRIQUE MEIGGS (22 DE DICIEMBRE) LIMA    - LIMA,INCENDIO / TERRENO BALDIO,ATENDIENDO,"[""M3-1"",""M10-1"",""M21-1""]",-12.0405390516564,-77.0460952324245,1,"2021-07-19 21:27:43","2021-07-19 21:27:43",#D32F2F
47,,"2021019129","2021-07-19 21:43:50",AV. LOS LIRIOS (VIA SUR LIBRE)  100  - SAN JUAN DE MIRAFLORES,INCENDIO / ESTRUCTURAS / VIVIENDA / MATERIAL NOBLE,ATENDIENDO,"[""M120-1"",""M134-1"",""RES-16""]",-12.1521153961529,-76.982168001733,1,"2021-07-19 22:27:46","2021-07-19 22:27:46",#D32F2F
48,,"2021019160","2021-07-20 01:55:43",PJ.  TABLADA DE LURIN SECTOR TERCERO MZ 15Z LT 7    - VILLA MARIA DEL TRIUNFO,INCENDIO / ESTRUCTURAS / VIVIENDA / MATERIAL NOBLE,ATENDIENDO,"[""M105-1"",""M155-1"",""AMB-129"",""RES-120""]",-12.1820477776146,-76.9269337818444,1,"2021-07-20 02:27:42","2021-07-20 02:27:42",#D32F2F
49,,"2021019202","2021-07-20 17:02:30",JR. HUASCARAN  355  - LA VICTORIA,INCENDIO / ESTRUCTURAS / VIVIENDA / MATERIAL NOBLE,ATENDIENDO,"[""M10-1"",""M8-1"",""AMB2-2"",""RES-10""]",-12.0607283510964,-77.0288475430252,1,"2021-07-20 17:27:43","2021-07-20 17:27:43",#D32F2F
50,,"2021019223","2021-07-20 20:04:09",JR. ANTONIO RAYMONDI  200  - LA VICTORIA,INCENDIO / VEHICULO / AUTOMOVIL / VIA PUBLICA,ATENDIENDO,"[""M10-1"",""M8-1"",""RES-10""]",-12.06080782683,-77.0316176056404,1,"2021-07-20 20:27:45","2021-07-20 20:27:45",#D32F2F
51,,"2021019218","2021-07-20 19:28:53",JR. CANTA  592  - LA VICTORIA,INCENDIO / ESTRUCTURAS / VIVIENDA / MATERIAL NOBLE,ATENDIENDO,"[""M10-1"",""M8-1"",""AMB-14"",""RES-10""]",-12.0653983483699,-77.031320557337,1,"2021-07-20 20:27:45","2021-07-20 20:27:45",#D32F2F
52,,"2021019240","2021-07-20 22:59:37",TUPAC AMARU   KM  24.5    - CARABAYLLO,INCENDIO / ESTRUCTURAS / VIVIENDA / MATERIAL NOBLE,ATENDIENDO,"[""M150-1"",""AMB-124"",""M164-1""]",-11.8495739372651,-76.9967842422316,1,"2021-07-20 23:27:44","2021-07-20 23:27:44",#D32F2F
53,,"2021019235","2021-07-20 22:45:04",JR. ANTONIO MIROQUESADA  1404  - LIMA,INCENDIO / ESTRUCTURAS / VIVIENDA / MATERIAL NOBLE,ATENDIENDO,"[""M2-1"",""M176-1"",""AMB8-2"",""RES-10""]",-12.0524936269335,-77.0143074273975,1,"2021-07-20 23:27:44","2021-07-20 23:27:44",#D32F2F
54,,"2021019245","2021-07-20 23:29:42",CARRETERAS - PANAMERICANAS PANAMERICANA NORTE 30    - PUENTE PIEDRA,INCENDIO / ESTRUCTURAS / VIVIENDA / MATERIAL NOBLE,ATENDIENDO,"[""M75-1"",""M150-1"",""M184-1""]",-11.8675103485633,-77.0724761672919,1,"2021-07-21 00:27:43","2021-07-21 00:27:43",#D32F2F
55,,"2021019268","2021-07-21 04:29:49",CL. LOS NIÑOS MARTIRES  900  - INDEPENDENCIA,INCENDIO / ESTRUCTURAS / VIVIENDA / MATERIAL NOBLE,ATENDIENDO,"[""M168-1"",""M161-1"",""AMB-168"",""RES-168"",""M65-1""]",-11.9899139184616,-77.0417596205594,1,"2021-07-21 05:27:42","2021-07-21 05:27:42",#D32F2F
56,,"2021019271","2021-07-21 06:02:00",AV. EL SANTUARIO  1256  - SAN JUAN DE LURIGANCHO,INCENDIO / ESTRUCTURAS / VIVIENDA / MATERIAL NOBLE,CERRADO,"[""M176-1"",""M2-1"",""MED-236"",""RES-236""]",-12.0198355812065,-76.9917039345879,1,"2021-07-21 09:27:44","2021-07-21 09:27:44",#D32F2F
57,,"2021019288","2021-07-21 14:55:51",PJ. MILAGRO DE LA FRATERNIDAD   COMITE 8    - INDEPENDENCIA,INCENDIO / ESTRUCTURAS / VIVIENDA / MATERIAL NOBLE,ATENDIENDO,"[""M161-1"",""M21-1"",""AMB-168"",""M65-1""]",-12.0088520877583,-77.0497942542869,1,"2021-07-21 15:27:43","2021-07-21 15:27:43",#D32F2F
58,,"2021019352","2021-07-22 02:12:31",AV. LAS PALMERAS  4234  - LOS OLIVOS,INCENDIO / ESTRUCTURAS / VIVIENDA / MATERIAL NOBLE,CERRADO,"[""M161-1"",""AMB-124"",""M9-1""]",-11.9852094857246,-77.0719987061749,1,"2021-07-22 08:27:42","2021-07-22 08:27:42",#D32F2F
59,,"2021019344","2021-07-22 01:01:04",JR. AYACUCHO  3625  - SAN MARTIN DE PORRES,INCENDIO / ESTRUCTURAS / VIVIENDA / MATERIAL NOBLE,CERRADO,"[""M60-5"",""RESLIG-161"",""M9-1""]",-12.0322562924171,-77.0881891247364,1,"2021-07-22 08:27:42","2021-07-22 08:27:42",#D32F2F
60,,"2021019343","2021-07-22 00:52:38",AV. TALARA CRUCE CON AV. A (MARIA ELENA MOYANO) VILLA EL SALVADOR    - VILLA EL SALVADOR,INCENDIO / ESTRUCTURAS / VIVIENDA / MATERIAL NOBLE,ATENDIENDO,"[""M120-1"",""M105-1"",""AMB-129"",""MED-16"",""M13-1""]",-12.2333018684368,-76.9418537558647,1,"2021-07-22 08:27:42","2021-07-22 08:27:42",#D32F2F
61,,"2021019368","2021-07-22 08:01:20",REVOLUCION CON RIO SECO    - COMAS,INCENDIO / ESTRUCTURAS / VIVIENDA / MATERIAL NOBLE,ATENDIENDO,"[""M161-1"",""AMB-124"",""M124-1"",""M164-1""]",-11.9123987,-77.0041322,1,"2021-07-22 09:27:44","2021-07-22 09:27:44",#D32F2F
62,,"2021019365","2021-07-22 08:01:20",BELAUNDE OESTE CDRA.  5 COMAS,INCENDIO / ESTRUCTURAS / VIVIENDA / MATERIAL NOBLE,ATENDIENDO,"[""M161-1"",""AMB-124"",""M124-1""]",-11.9376053,-77.0533276,1,"2021-07-22 09:27:44","2021-07-22 09:27:44",#D32F2F
63,,"2021019363","2021-07-22 08:01:20",BAUZATE Y MEZA  CON  CALLE CANTA  LA VICTORIA    - LA VICTORIA,INCENDIO / VEHICULO / AUTOMOVIL / VIA PUBLICA,ATENDIENDO,"[""M8-1"",""M4-1"",""AMB8-2"",""M8-5""]",-12.0849556,-77.0547406,1,"2021-07-22 09:27:44","2021-07-22 09:27:44",#D32F2F
64,,"2021019469","2021-07-23 05:10:03",AV. FERNANDO WIESE (PROCERES DE LA INDEPENDENCIA) PARADERO 7  000  - SAN JUAN DE LURIGANCHO,INCENDIO / VEHICULO / AUTOMOVIL / VIA PUBLICA,ATENDIENDO,"[""M121-1"",""M21-1"",""AMB-121""]",-11.9510244820559,-76.9873264598974,1,"2021-07-23 08:27:46","2021-07-23 08:27:46",#D32F2F
65,,"2021019462","2021-07-23 03:41:17",PJ. ROTHERDAM PJ ARRIBA PERU MZ MERCADO LTE 1  000  - SAN JUAN DE LURIGANCHO,INCENDIO / ESTRUCTURAS / VIVIENDA / MATERIAL NOBLE,CERRADO,"[""M121-1"",""M21-1"",""AMB-121"",""RES-21""]",-11.9572420387167,-76.9931476253055,1,"2021-07-23 08:27:46","2021-07-23 08:27:46",#D32F2F
66,,"2021019420","2021-07-22 21:05:08",AV. LOS PLATINOS MZ A LOTE 24  000  - LOS OLIVOS,INCENDIO / ESTRUCTURAS / VIVIENDA / MATERIAL NOBLE,CERRADO,"[""AMB-124"",""RESLIG-161"",""M124-1"",""M65-1""]",-11.9702481180093,-77.0668538269986,1,"2021-07-23 08:27:46","2021-07-23 08:27:46",#D32F2F
67,,"2021019419","2021-07-22 20:54:09",AV. TENIENTE ENRIQUE PALACIOS  553  - MIRAFLORES,MATERIALES PELIGROSOS (INCIDENTE) / FUGA GAS GLP Y OTROS GASES INFLAM / EN VEHICULO,ATENDIENDO,"[""M28-1"",""M100-1"",""AMB-36"",""RES-11"",""RES-28""]",-12.1169698716758,-77.0341065858769,1,"2021-07-23 08:27:46","2021-07-23 08:27:46",#757575
68,,"2021019480","2021-07-23 11:39:45",AV. PANAMERICANA SUR ALT PTE ALIPIO NORTE A SUR  000  - SAN JUAN DE MIRAFLORES,ACCIDENTE VEHICULAR / PARTICULAR / AUTOMOVIL,ATENDIENDO,"[""M134-1"",""MED-28"",""AMB-6"",""RES-120"",""MATPEL-28""]",-12.1708744846148,-76.9792001080663,1,"2021-07-23 12:27:44","2021-07-23 12:27:44",#E65100
69,,"2021019485","2021-07-23 12:45:07",CARRETERA CENTRAL KL 45.5    - RICARDO PALMA,INCENDIO / FORESTAL / BOSQUES,ATENDIENDO,"[""M169-1"",""M138-1"",""RESLIG-32""]",-11.9237186,-76.66112799999999,1,"2021-07-23 14:27:43","2021-07-23 14:27:43",#D32F2F
70,,"2021019502","2021-07-23 17:06:35",AS. EL ROSAL DE SANTA ANITA MZ.A7 LT 24    - ATE,INCENDIO / ESTRUCTURAS / VIVIENDA / MATERIAL NOBLE,ATENDIENDO,"[""M127-1"",""M176-1"",""MED-236"",""RES-169""]",-12.0265302549788,-76.9452134419583,1,"2021-07-23 18:27:43","2021-07-23 18:27:43",#D32F2F
71,,"2021019521","2021-07-23 20:53:53",AV. GERARDO UNGER (ROSA DE AMERICA)  5411  - LOS OLIVOS,INCENDIO / ESTRUCTURAS / ALMACEN - DEPOSITO,ATENDIENDO,"[""M65-5"",""M168-1"",""CIST25CD1"",""AMB-124"",""AMB100-2"",""M124-1"",""M65-1"",""M9-1""]",-11.9686648252872,-77.061995072611,1,"2021-07-23 21:27:54","2021-07-23 21:27:54",#D32F2F
72,,"2021019542","2021-07-24 01:14:38",AV. MARISCAL RAMON CASTILLA  200  - SANTIAGO DE SURCO,ACCIDENTE VEHICULAR / PARTICULAR / AUTOMOVIL,ATENDIENDO,"[""M134-1"",""MED-28"",""AMB-6"",""AMB8-2"",""RES-11"",""M11-1"",""RES-28""]",-12.1223417849739,-77.0165528404822,1,"2021-07-24 02:27:41","2021-07-24 02:27:41",#E65100
73,,"2021019573","2021-07-24 06:42:45",AV. SAN MARTIN  1100  - PUEBLO LIBRE,INCENDIO / VEHICULO / AUTOMOVIL / VIA PUBLICA,ATENDIENDO,"[""M36-1"",""M83-1"",""MED-36""]",-12.0780900299159,-77.063142033313,1,"2021-07-24 07:27:44","2021-07-24 07:27:44",#D32F2F
74,,"2021019624","2021-07-24 18:41:52",AH. PACHACAMAC SECTOR AMPLIACION LAS BRISAS DE PACHACAMAC C1    - VILLA EL SALVADOR,INCENDIO / ESTRUCTURAS / VIVIENDA / MATERIAL NOBLE,ATENDIENDO,"[""M155-1"",""M105-1"",""M106-1""]",-12.2439993021778,-76.9163358960853,1,"2021-07-24 19:27:43","2021-07-24 19:27:43",#D32F2F
75,,"2021019638","2021-07-24 20:15:22",JR. LAMPA  748  - LIMA,INCENDIO / ESTRUCTURAS / VIVIENDA / MATERIAL NOBLE,ATENDIENDO,"[""M10-1"",""M3-1"",""RES-10""]",-12.0507089695107,-77.0316723134647,1,"2021-07-24 20:27:41","2021-07-24 20:27:41",#D32F2F
76,,"2021019671","2021-07-25 03:18:58",AV. ALFREDO BENAVIDES  4800  - SANTIAGO DE SURCO,INCENDIO / VEHICULO / AUTOMOVIL / VIA PUBLICA,ATENDIENDO,"[""M134-1"",""MED-28"",""M11-1""]",-12.1278698651374,-76.986812101759,1,"2021-07-25 03:27:42","2021-07-25 03:27:42",#D32F2F
77,,"2021019694","2021-07-25 05:59:01",PR. ALEJANDRO BERTELLO CRUCE CON AV. CARLOS IZAGUIRRE (2) SAN MARTIN DE PORRES    - SAN MARTIN DE PORRES,INCENDIO / ESTRUCTURAS / VIVIENDA / MATERIAL NOBLE,ATENDIENDO,"[""M161-1"",""AMB-124"",""RESLIG-161"",""M9-1""]",-11.9881559706152,-77.1143335411348,1,"2021-07-25 06:27:41","2021-07-25 06:27:41",#D32F2F
78,,"2021019698","2021-07-25 07:50:04",JR. ANTONIO MIROQUESADA  200  - CALLAO,INCENDIO / ESTRUCTURAS / VIVIENDA / MATERIAL NOBLE,ATENDIENDO,"[""M1-1"",""M18-1"",""AMB-1""]",-12.0532471266549,-77.1411556717923,1,"2021-07-25 08:27:42","2021-07-25 08:27:42",#D32F2F
79,,"2021019717","2021-07-25 16:21:08",JR.  DE LA UNION  CDRA.  7    - LIMA,INCENDIO / OTROS / CHIMENEA,ATENDIENDO,"[""M3-1"",""AMB-3"",""RES-3""]",-12.0441813,-77.0300033,1,"2021-07-25 16:27:43","2021-07-25 16:27:43",#D32F2F
80,,"2021019716","2021-07-25 16:09:10",JR. LORD COCHRANE  500  - COMAS,INCENDIO / ESTRUCTURAS / VIVIENDA / MATERIAL NOBLE,ATENDIENDO,"[""AMB-124"",""RES-168"",""M124-1"",""M164-1""]",-11.9364330657596,-77.0417581862501,1,"2021-07-25 16:27:43","2021-07-25 16:27:43",#D32F2F
81,,"2021019773","2021-07-26 01:59:40",AV. SANTA CRUZ/AH. SANTA TERESA DE VILLA SECTOR I  MZ  24  LT  17  000  - CHORRILLOS,INCENDIO / ESTRUCTURAS / VIVIENDA / MATERIAL NOBLE,ATENDIENDO,"[""M16-1"",""MED-28"",""M13-1""]",-12.1844410749956,-77.0094845269149,1,"2021-07-26 02:27:41","2021-07-26 02:27:41",#D32F2F
82,,"2021019784","2021-07-26 04:54:13",UR. EL MIRADOR III ETAPA  MZ.  E  LOTE  11    - SAN MARTIN DE PORRES,INCENDIO / ESTRUCTURAS / VIVIENDA / MATERIAL NOBLE,CERRADO,"[""M161-1"",""AMB161-2"",""RES-168"",""M9-1""]",-11.9741945676928,-77.0917726950465,1,"2021-07-26 05:27:44","2021-07-27 04:27:45",#D32F2F
83,,"2021019787","2021-07-26 06:05:32",CARRETERAS - PANAMERICANAS CARRETERA CENTRAL 36    - LURIGANCHO,ACCIDENTE VEHICULAR / PARTICULAR / AUTOMOVIL,CERRADO,"[""M115-1"",""AMB-32-2"",""AMB-115-2"",""MED-236"",""MED-236"",""M32-1""]",-11.9238003632077,-76.6810478774126,1,"2021-07-26 06:27:43","2021-07-27 05:27:43",#E65100
84,,"2021019786","2021-07-26 05:51:29",AV. SUCRE (INDEPENDENCIA)  547  - MAGDALENA DEL MAR,INCENDIO / ESTRUCTURAS / VIVIENDA / MATERIAL NOBLE,ATENDIENDO,"[""M83-1"",""M36-1"",""AMB-14"",""RES-100""]",-12.0939238824676,-77.071264596014,1,"2021-07-26 06:27:43","2021-07-27 05:27:44",#D32F2F
85,,"2021019854","2021-07-27 00:11:04",CL. 8 CRUCE CON AV. FERROCARRIL (HUANCARAMA) SANTA ANITA    - SANTA ANITA,INCENDIO / ESTRUCTURAS / VIVIENDA / MATERIAL NOBLE,CERRADO,"[""M169-1"",""M138-1"",""AMB-176"",""RES-169""]",-12.0302830203435,-76.9599044673552,1,"2021-07-27 00:27:42","2021-07-27 23:27:45",#D32F2F
86,,"2021019866","2021-07-27 02:14:39",JR. LUIS MIGUEL SANCHEZ CERRO  307  - SAN LUIS,INCENDIO / ESTRUCTURAS / VIVIENDA / MATERIAL NOBLE,CERRADO,"[""M176-1"",""M8-1"",""AMB-176"",""RES-127""]",-12.0612428489697,-76.9985601787053,1,"2021-07-27 02:27:44","2021-07-28 01:27:46",#D32F2F
87,,"2021019893","2021-07-27 07:32:09",CL. LA HONRADEZ (53)   UR PRO  472  - LOS OLIVOS,INCENDIO / ESTRUCTURAS / VIVIENDA / MATERIAL NOBLE,CERRADO,"[""AMB-124"",""RES-168"",""M124-1"",""M164-1""]",-11.9357531273221,-77.0736391214742,1,"2021-07-27 08:27:42","2021-07-28 07:27:46",#D32F2F
88,,"2021019895","2021-07-27 08:54:28",AH. VILLA SANTA ROSA SECTOR PARAISO SANTA ROSA C    - VILLA MARIA DEL TRIUNFO,INCENDIO / ESTRUCTURAS / VIVIENDA / MATERIAL NOBLE,CERRADO,"[""M105-1"",""M155-1"",""AMB-129""]",-12.2076908126353,-76.9225312547916,1,"2021-07-27 09:27:43","2021-07-28 08:27:45",#D32F2F
89,,"2021019963","2021-07-27 21:37:00",JR. AYACUCHO  712  - LIMA,INCENDIO / ESTRUCTURAS / VIVIENDA / MATERIAL NOBLE,CERRADO,"[""M10-1"",""M8-1"",""M3-1"",""AMB2-2"",""RES-21""]",-12.0528178627617,-77.0282171507136,1,"2021-07-27 22:27:44","2021-07-28 21:27:48",#D32F2F
90,,"2021019993","2021-07-28 01:33:49",CL. LUIS GALVANI  220  - ATE,INCENDIO / ESTRUCTURAS / ALMACEN - DEPOSITO,CERRADO,"[""M127-1"",""M138-1"",""M169-1"",""M8-1"",""CIS-IV"",""AMB-127"",""RES-127"",""M8-5""]",-12.0647822796059,-76.9753470021591,1,"2021-07-28 02:27:46","2021-07-29 01:27:49",#D32F2F
91,,"2021020005","2021-07-28 04:11:16",UR. JOSE BOTERIN ETAPA II (BARBOZA) MZ  E2  LT 10    - CALLAO,INCENDIO / ESTRUCTURAS / VIVIENDA / MATERIAL NOBLE,CERRADO,"[""M5-1"",""AMB-60"",""M15-1"",""M7-1""]",-12.052743707686,-77.1181952505999,1,"2021-07-28 04:27:46","2021-07-29 03:27:46",#D32F2F
92,,"2021020002","2021-07-28 03:30:28",AV. 13 DE ENERO  900  - SAN JUAN DE LURIGANCHO,INCENDIO / VEHICULO / AUTOMOVIL / VIA PUBLICA,CERRADO,"[""M2-1"",""M2-5"",""M176-1""]",-12.0165102265826,-76.9972286553831,1,"2021-07-28 04:27:46","2021-07-29 03:27:47",#D32F2F
93,,"2021020011","2021-07-28 07:00:30",AV. PACHACUTEC  7000  - VILLA MARIA DEL TRIUNFO,INCENDIO / VEHICULO / AUTOMOVIL / VIA PUBLICA,CERRADO,"[""M105-1"",""M155-1"",""M106-1""]",-12.2098055550119,-76.9250104070439,1,"2021-07-28 07:27:46","2021-07-29 06:27:48",#D32F2F
94,,"2021020021","2021-07-28 12:05:00",PALACIO DE GOBIERNO ( DESPLAZAMIENTO POR BICENTENARIO)    - LIMA,SERVICIO ESPECIAL / CUBRIR SERVICIO / LUGAR ESPECIFICO,CERRADO,"[""M2-1"",""AMB2-2"",""AMB-3"",""AMB-14"",""RES-2"",""RESLIG-2""]",-12.0448456,-77.0297865,1,"2021-07-28 12:27:45","2021-07-29 11:27:48",#40C4FF
95,,"2021020020","2021-07-28 12:04:10",CL. LOS ALAMOS (4)  000  - CHACLACAYO,INCENDIO / ESTRUCTURAS / VIVIENDA / MATERIAL NOBLE,CERRADO,"[""M115-1"",""M115-2"",""MED-236"",""RESLIG-32""]",-11.9948250829476,-76.8248659906862,1,"2021-07-28 12:27:45","2021-07-29 11:27:49",#D32F2F
96,,"2021020030","2021-07-28 14:02:18",AV. LA PLAYA  000  - VENTANILLA,INCENDIO / FORESTAL / BOSQUES,CERRADO,"[""M75-1"",""M232-3"",""RES-207"",""M184-1""]",-11.8779331009358,-77.1329558691359,1,"2021-07-28 14:27:46","2021-07-29 13:27:46",#D32F2F
97,,"2021020035","2021-07-28 14:48:10",PLAZA DE ARMAS CHANCAY POR EL BICENTENARIO    - CHANCAY,SERVICIO ESPECIAL / EVENTOS PUBLICOS / OTROS,ATENDIENDO,"[""AMB-80"",""RES-44"",""AUX-80"",""AUX-44"",""M80-1""]",-11.5626355,-77.2701481,1,"2021-07-28 15:27:46","2021-07-29 14:27:45",#40C4FF
98,,"2021020061","2021-07-28 17:32:27",AV. SANTIAGO DE SURCO (TOMAS MARSANO)  5010  - SANTIAGO DE SURCO,INCENDIO / VEHICULO / AUTOMOVIL / VIA PUBLICA,CERRADO,"[""M134-1"",""M120-1"",""MED-16""]",-12.1477002457565,-76.9866354084365,1,"2021-07-28 18:27:48","2021-07-29 17:27:46",#D32F2F
99,,"2021020082","2021-07-28 21:33:06",DESFILE  DE  FIESTAS  PATRIAS    POR LA  ZONA    - MIRAFLORES,SERVICIO ESPECIAL / EVENTOS PUBLICOS / OTROS,CERRADO,"[""M28-1"",""MED-28"",""AUX-28"",""RES-28"",""PLT-28""]",-12.1206544,-77.0294397,1,"2021-07-28 22:27:48","2021-07-29 21:27:45",#40C4FF
100,,"2021020094","2021-07-28 23:43:27",CL. EUSEBIO DEL LLANO ZAPATA  316  - MIRAFLORES,INCENDIO / ESTRUCTURAS / VIVIENDA / MATERIAL NOBLE,CERRADO,"[""M100-1"",""M28-1"",""RES-28""]",-12.1102437348434,-77.0395293017111,1,"2021-07-29 00:27:50","2021-07-29 23:27:45",#D32F2F
101,,"2021020119","2021-07-29 03:53:41",CARRETERAS - PANAMERICANAS PANAMERICANA SUR 57    - PUCUSANA,INCENDIO / ESTRUCTURAS / VIVIENDA / MATERIAL NOBLE,ATENDIENDO,"[""M221-1"",""M125-1"",""M133-1""]",-12.4585179853571,-76.7532310217622,1,"2021-07-29 04:27:47","2021-07-30 03:27:44",#D32F2F
102,,"2021020130","2021-07-29 05:56:33",CL. MANUEL PIMENTEL JIMENEZ  2100  - LIMA,INCENDIO / VEHICULO / AUTOMOVIL / VIA PUBLICA,CERRADO,"[""M3-1"",""AMB-3"",""M65-1""]",-12.037454156861,-77.068851217482,1,"2021-07-29 06:27:48","2021-07-30 05:27:46",#D32F2F
103,,"2021020155","2021-07-29 14:53:36",AV HUAROCHIRI MZ E3 LOTE 9    - SANTA ANITA,INCENDIO / ESTRUCTURAS / VIVIENDA / MATERIAL NOBLE,CERRADO,"[""M169-1"",""M138-1"",""AMB8-2"",""RES-96""]",-12.0412857986046,-76.952752553669,1,"2021-07-29 15:27:45","2021-07-30 14:27:49",#D32F2F
104,,"2021020152","2021-07-29 14:31:14",B202    - JESUS MARIA,SERVICIO ESPECIAL / EVENTOS OFICIALES / CEREMONIAS,ATENDIENDO,"[""M138-1"",""AMB-176"",""AMB-115"",""MED-202"",""RES-3"",""RES-4"",""RESLIG-2"",""AUX14-1"",""AUX-83"",""AUX-10"",""AUX-169"",""RES-127"",""RESLIG-21""]",-12.0822857,-77.0419941,1,"2021-07-29 15:27:45","2021-07-30 14:27:49",#40C4FF
105,,"2021020199","2021-07-29 23:30:49",PANAMERICANA NORTE KM 68    - CHANCAY,ACCIDENTE VEHICULAR / PARTICULAR / AUTOMOVIL,CERRADO,"[""AMB-80"",""RES-44"",""AUX44-2"",""AUX-80"",""RES-163""]",-11.6208214,-77.2073442,1,"2021-07-30 00:27:47","2021-07-30 23:27:48",#E65100
106,,"2021020210","2021-07-30 01:01:10",JR. ANTONIO RAYMONDI  1645  - LIMA,INCENDIO / ESTRUCTURAS / VIVIENDA / MATERIAL NOBLE,CERRADO,"[""M10-1"",""M2-1"",""AMB-176"",""RES-10""]",-12.0581493927973,-77.0143625454177,1,"2021-07-30 01:27:45","2021-07-31 00:27:47",#D32F2F
107,,"2021020213","2021-07-30 01:22:16",PANAMERICANA NORTE KM 37.5    - PUENTE PIEDRA,ACCIDENTE VEHICULAR / PARTICULAR / AUTOMOVIL,CERRADO,"[""M232-3"",""AMB-150"",""AMB-124"",""RES-207"",""M184-1""]",-11.8249478,-77.1230094,1,"2021-07-30 02:27:45","2021-07-31 00:27:47",#E65100
108,,"2021020221","2021-07-30 03:02:46",CL. CARLOS MOORE  427  - COMAS,INCENDIO / ESTRUCTURAS / VIVIENDA / MATERIAL NOBLE,CERRADO,"[""M168-1"",""AMB-124"",""RES-168""]",-11.9189767883764,-77.0381883952861,1,"2021-07-30 03:27:44","2021-07-31 02:27:46",#D32F2F
109,,"2021020232","2021-07-30 04:46:53",CL. ONTARIO (CAMINO ONCE)  185  - CHORRILLOS,INCENDIO / EQUIPOS ELECTRICOS CON ENERGIA / TRANSFORMADORES DE ALTA TENSION,CERRADO,"[""AMB-6"",""RES-120"",""M13-1"",""M6-1""]",-12.1804458367903,-77.0000055682306,1,"2021-07-30 05:27:46","2021-07-31 04:27:46",#D32F2F
110,,"2021020237","2021-07-30 06:18:09",AH. MUNICIPAL III SECTOR HORACIO ZEVALLOS A  LOT 3    - RIMAC,INCENDIO / ESTRUCTURAS / VIVIENDA / MATERIAL NOBLE,CERRADO,"[""M2-1"",""M3-1"",""AMB2-2"",""RES-21"",""RES-3""]",-12.0070261593279,-77.0361280543271,1,"2021-07-30 06:27:47","2021-07-31 05:27:46",#D32F2F
111,,"2021020260","2021-07-30 16:20:13",CL. MACCHU PICCHU  100  - CHORRILLOS,INCENDIO / ESTRUCTURAS / VIVIENDA / MATERIAL NOBLE,CERRADO,"[""M120-1"",""MED-28"",""M13-1"",""RES-16""]",-12.1935373441597,-77.0071020691351,1,"2021-07-30 16:27:52","2021-07-31 15:27:46",#D32F2F
112,,"2021020281","2021-07-30 19:37:42",AV. JOSE DE LA RIVA AGUERO CRUCE CON AV. VENEZUELA SAN MIGUEL    - SAN MIGUEL,MATERIALES PELIGROSOS (INCIDENTE) / HIDROCARBUROS / ESTACION DE SERVICIO,CERRADO,"[""M60-5"",""M83-1"",""MED-36"",""RES-14"",""MATPEL-1""]",-12.0610252966817,-77.0828606152551,1,"2021-07-30 20:27:57","2021-07-31 19:27:46",#757575
113,,"2021020292","2021-07-30 21:50:46",PJ. ANTONIO RAYMONDI  100  - LA VICTORIA,INCENDIO / ESTRUCTURAS / VIVIENDA / MATERIAL NOBLE,CERRADO,"[""M8-1"",""M10-1"",""AMB10-2"",""RES-2""]",-12.0588852604054,-77.0247561176793,1,"2021-07-30 22:27:47","2021-07-31 21:27:45",#D32F2F
114,,"2021020315","2021-07-31 01:40:48",AV. UNIVERSITARIA  1500  - LIMA,ACCIDENTE VEHICULAR / PARTICULAR / AUTOMOVIL,CERRADO,"[""M83-1"",""MED-36"",""AMB-60"",""AMB-14"",""RES-36""]",-12.0646873823529,-77.0780100603075,1,"2021-07-31 02:27:46","2021-08-01 01:27:45",#E65100
115,,"2021020321","2021-07-31 02:28:52",JR. CONTRALMIRANTE MIGUEL GRAU (BENITO LAZO) CRUCE CON JR. LEONCIO PRADO (CAPITAN DE NAVIO ULISES DELBOY) MAGDALENA DEL  440  - MAGDALENA DEL MAR,INCENDIO / ESTRUCTURAS / VIVIENDA / MATERIAL NOBLE,CERRADO,"[""M100-1"",""M83-1"",""AMB-83"",""RES-36""]",-12.092680885434,-77.0731356257028,1,"2021-07-31 03:27:47","2021-08-01 02:27:44",#D32F2F
116,,"2021020328","2021-07-31 03:51:57",PJ. VILLA EL SALVADOR SECTOR 1 GRUPO 20 I LT 7    - VILLA EL SALVADOR,INCENDIO / ESTRUCTURAS / VIVIENDA / MATERIAL NOBLE,ATENDIENDO,"[""M105-1"",""RES-105"",""M106-1""]",-12.2027824058083,-76.949011004786,1,"2021-07-31 04:27:46","2021-08-01 03:27:44",#D32F2F
117,,"2021020342","2021-07-31 08:51:35",AH. SAN JUAN DE LA LIBERTAD  COMITE 12  MZ L1 /  AV. VELAZCO ALVARADO    - CHORRILLOS,INCENDIO / ESTRUCTURAS / VIVIENDA / MATERIAL NOBLE,CERRADO,"[""M120-1"",""M134-1"",""M16-1"",""CIS-IV"",""AMB-6"",""M6-1"",""M13-1"",""RES-16"",""M106-1""]",-12.1911760370264,-76.9902901330414,1,"2021-07-31 09:27:46","2021-08-01 08:27:43",#D32F2F
118,,"2021020341","2021-07-31 08:35:59",AH. MI PERU GRUPO J7 LT 16    - VENTANILLA,INCENDIO / ESTRUCTURAS / VIVIENDA / MATERIAL NOBLE,CERRADO,"[""M75-1"",""AMB-150"",""RES-207"",""M184-1""]",-11.8522708671059,-77.1226638279025,1,"2021-07-31 09:27:46","2021-08-01 08:27:44",#D32F2F
119,,"2021020365","2021-07-31 16:59:22","AV LA PLAYA //  AHH. DESARROLLO  2,000    - VENTANILLA","INCENDIO / FORESTAL / TERRENO DE CULTIVO,CHACRA, OTROS",ATENDIENDO,"[""M75-1"",""M232-3"",""M184-1""]",-11.87744,-77.1330564,1,"2021-07-31 17:27:47","2021-08-01 16:27:42",#D32F2F
120,,"2021020529","2021-08-02 07:13:54",URB SANTA ROSA MZ M LTE 1    - CALLAO,INCENDIO / VEHICULO / AUTOMOVIL / COCHERA - GARAJE - TALLER,CERRADO,"[""M161-1"",""AMB-60"",""RES-168"",""M9-1"",""M60-1""]",-12.0064771470936,-77.0991706642411,1,"2021-08-02 07:27:42","2021-08-03 06:27:45",#D32F2F
121,,"2021020551","2021-08-02 16:03:55",JR. RECUAY  470  - BREÑA,INCENDIO / ESTRUCTURAS / VIVIENDA / MATERIAL NOBLE,CERRADO,"[""M14-1"",""M10-1"",""M3-1"",""MED-202"",""RES-10""]",-12.1673312703986,-77.0260671848805,1,"2021-08-02 16:27:42","2021-08-03 15:27:46",#D32F2F
122,,"2021020576","2021-08-02 19:30:54",PJ. OCTAVIO BERNAL  160  - JESUS MARIA,INCENDIO / ESTRUCTURAS / VIVIENDA / MATERIAL NOBLE,CERRADO,"[""M36-1"",""M4-1"",""MED-202"",""RES-100""]",-12.0816862593818,-77.05267680347,1,"2021-08-02 20:27:43","2021-08-03 19:27:53",#D32F2F
123,,"2021020593","2021-08-02 22:41:44",CARRETERAS - PANAMERICANAS PANAMERICANA SUR 50    - SAN BARTOLO,ACCIDENTE VEHICULAR / PARTICULAR / AUTOMOVIL,ATENDIENDO,"[""M129-1"",""AMB-125"",""AMB-127"",""RES-49"",""M160-1"",""M133-1""]",-12.3971389228608,-76.7579716011711,1,"2021-08-02 23:27:45","2021-08-03 22:27:47",#E65100
124,,"2021020603","2021-08-03 00:11:57",CL. RAMIRO PRIALE (JAVIER HERAUD)  265  - ATE,INCENDIO / VEHICULO / AUTOMOVIL / COCHERA - GARAJE - TALLER,CERRADO,"[""M169-1"",""M138-1"",""RES-127""]",-12.0532099220156,-76.9574558921596,1,"2021-08-03 00:27:45","2021-08-03 23:27:46",#D32F2F
125,,"2021020598","2021-08-02 23:30:31",AV. AREQUIPA  5280  - MIRAFLORES,INCENDIO / VEHICULO / AUTOMOVIL / COCHERA - GARAJE - TALLER,CERRADO,"[""M28-1"",""RES-11"",""RES-28""]",-12.1186921407567,-77.0288955681481,1,"2021-08-03 00:27:45","2021-08-03 23:27:47",#D32F2F
126,,"2021020615","2021-08-03 02:25:36",AV. NICOLAS DUEÃƒÆ’Ã¢â‚¬ËœAS  000  - LIMA,INCENDIO / VEHICULO / AUTOMOVIL / VIA PUBLICA,CERRADO,"[""M3-1"",""M10-1"",""M65-1""]",-12.0353915708046,-77.0657342745672,1,"2021-08-03 03:27:46","2021-08-04 01:27:47",#D32F2F
127,,"2021020664","2021-08-03 16:20:58",CO. SANTA APOLONIA MZ H  LOTE 14    - SAN MARTIN DE PORRES,INCENDIO / ESTRUCTURAS / VIVIENDA / MATERIAL NOBLE,CERRADO,"[""M161-1"",""M168-1"",""AMB65-2""]",-12.0056563010837,-77.0931582466478,1,"2021-08-03 16:27:46","2021-08-04 15:27:48",#D32F2F
128,,"2021020675","2021-08-03 18:03:24",AL. SANTIAGO ANTUNEZ DE MAYOLO  100  - SAN BORJA,INCENDIO / ESTRUCTURAS / VIVIENDA / MATERIAL NOBLE,CERRADO,"[""M127-1"",""RES-4"",""RES-127"",""M11-1""]",-12.0841612582106,-76.9985230317009,1,"2021-08-03 18:27:48","2021-08-04 17:28:01",#D32F2F
129,,"2021020674","2021-08-03 17:42:24",AV. ARICA  401  - SAN MIGUEL,INCENDIO / ESTRUCTURAS / VIVIENDA / MATERIAL NOBLE,CERRADO,"[""M83-1"",""M36-1"",""AMB-14"",""RES-36""]",-12.0912211291299,-77.0795230701549,1,"2021-08-03 18:27:48","2021-08-04 17:28:02",#D32F2F
130,,"2021020670","2021-08-03 17:28:37",AV. CORONEL NESTOR GAMBETA (EL EMISOR)  7003  - CALLAO,ACCIDENTE VEHICULAR / PARTICULAR / AUTOMOVIL,CERRADO,"[""M1-1"",""M75-1"",""AMB-124"",""RESLIG-161"",""MATPEL-1""]",-11.9789698018771,-77.1253191032756,1,"2021-08-03 18:27:48","2021-08-04 17:28:04",#E65100
131,,"2021020685","2021-08-03 19:47:31",JR. HUANCAYO (30)  624  - SAN MARTIN DE PORRES,INCENDIO / ESTRUCTURAS / VIVIENDA / MATERIAL NOBLE,CERRADO,"[""M60-5"",""M3-1"",""AMB65-2"",""M9-1"",""M7-1""]",-12.0322923041542,-77.0904820713572,1,"2021-08-03 20:27:48","2021-08-04 19:27:49",#D32F2F
132,,"2021020712","2021-08-04 00:21:55",AV. PACHACUTEC (LOS HEROES)  1200  - SAN JUAN DE MIRAFLORES,INCENDIO / VEHICULO / AUTOMOVIL / VIA PUBLICA,CERRADO,"[""M120-1"",""M134-1"",""AMB-129""]",-12.159530767094,-76.9576432992329,1,"2021-08-04 00:27:47","2021-08-04 23:27:46",#D32F2F
133,,"2021020707","2021-08-03 23:56:13",CARRETERAS - PANAMERICANAS PANAMERICANA NORTE 36.06    - PUENTE PIEDRA,MATERIALES PELIGROSOS (INCIDENTE) / FUGA GAS GLP Y OTROS GASES INFLAM / EN VEHICULO,CERRADO,"[""M232-3"",""M75-1"",""AMB-150"",""RES-207"",""M163-1""]",-11.8290757774332,-77.1190204518724,1,"2021-08-04 00:27:47","2021-08-04 23:27:47",#757575
134,,"2021020734","2021-08-04 06:38:56",JR. SAENZ PEÃƒÆ’Ã¢â‚¬ËœA  1416  - LA VICTORIA,INCENDIO / ESTRUCTURAS / VIVIENDA / MATERIAL NOBLE,CERRADO,"[""M4-1"",""M8-1"",""MED-202"",""RES-4""]",-12.0759358400869,-77.0283530815384,1,"2021-08-04 07:27:47","2021-08-05 06:27:45",#D32F2F
135,,"2021020737","2021-08-04 09:32:03",JR. PEREZ DE TUDELA  2029  - LIMA,INCENDIO / ESTRUCTURAS / VIVIENDA / MATERIAL NOBLE,CERRADO,"[""M60-5"",""M161-1"",""AMB-3"",""RES-3""]",-12.0359607528866,-77.0686997955499,1,"2021-08-04 10:27:47","2021-08-05 09:27:44",#D32F2F
136,,"2021020739","2021-08-04 10:41:57",CL. D MZ D LT 4 UR. PRIMAVERA    - SAN JUAN DE LURIGANCHO,INCENDIO / ESTRUCTURAS / VIVIENDA / MATERIAL NOBLE,CERRADO,"[""M176-1"",""M138-1"",""M21-1"",""AMB-2"",""RES-236""]",-12.019599186568,-76.9673807387767,1,"2021-08-04 11:27:49","2021-08-05 10:27:43",#D32F2F
137,,"2021020765","2021-08-04 18:20:02",CL. LAS ORQUIDEAS  133  - SANTA ANITA,INCENDIO / ESTRUCTURAS / VIVIENDA / MATERIAL NOBLE,CERRADO,"[""M127-1"",""M169-1"",""AMB-2""]",-12.0535673391275,-76.9766040693167,1,"2021-08-04 18:27:47","2021-08-05 17:27:43",#D32F2F
138,,"2021020764","2021-08-04 18:04:17",CL. JOSE OLAYA  900  - VILLA MARIA DEL TRIUNFO,INCENDIO / ESTRUCTURAS / VIVIENDA / MATERIAL NOBLE,CERRADO,"[""M120-1"",""M134-1"",""AMB11-2"",""RES-105""]",-12.1422049810567,-76.9397278936764,1,"2021-08-04 18:27:47","2021-08-05 17:27:44",#D32F2F
139,,"2021020819","2021-08-05 04:02:35",AV. LAS MALVINAS (JOSE CARLOS MARIATEGUI) CRUCE CON AV. PACHACUTEC (ATOCONGO) VILLA EL SALVADOR    - VILLA EL SALVADOR,INCENDIO / ESTRUCTURAS / VIVIENDA / MATERIAL NOBLE,CERRADO,"[""M105-1"",""M155-1"",""AMB-129"",""M106-1""]",-12.215052711452,-76.9224474377854,1,"2021-08-05 04:27:45","2021-08-06 03:27:48",#D32F2F
140,,"2021020852","2021-08-05 15:43:14",CL. CUSCO  URB  TROPICAL  100  - LA PERLA,MATERIALES PELIGROSOS (INCIDENTE) / FUGA GAS GLP Y OTROS GASES INFLAM / EN VEHICULO,CERRADO,"[""M7-5"",""M1-1"",""AMB-36"",""RES-83"",""MATPEL-1""]",-12.0709146540079,-77.1158109818531,1,"2021-08-05 16:27:44","2021-08-06 15:27:44",#757575
141,,"2021020899","2021-08-05 23:23:57",CL. BELLO HORIZONTE  139  - SAN BORJA,INCENDIO / ESTRUCTURAS / VIVIENDA / MATERIAL NOBLE,CERRADO,"[""M134-1"",""AMB11-2"",""RES-11"",""M11-1""]",-12.1070383352804,-76.9815461721474,1,"2021-08-05 23:27:43","2021-08-06 22:27:43",#D32F2F
142,,"2021020878","2021-08-05 18:34:29",PROVINCIA DE OYON    - OYON,INCENDIO / FORESTAL / BOSQUES,ATENDIENDO,"[""M216-1"",""AMB-216"",""AUX-20""]",-12.0314041445531,-77.0037708875419,1,"2021-08-06 00:27:43","2021-08-06 18:27:43",#D32F2F
143,,"2021020920","2021-08-06 03:06:15",AV. BUENOS AIRES (MIGUEL GRAU) CRUCE CON AV. GUARDIA CHALACA BELLAVISTA    - BELLAVISTA,INCENDIO / ESTRUCTURAS / VIVIENDA / MATERIAL NOBLE,CERRADO,"[""M5-1"",""AMB-34"",""M15-1""]",-12.0596527175267,-77.1272488442729,1,"2021-08-06 03:27:48","2021-08-07 02:27:44",#D32F2F
144,,"2021020952","2021-08-06 17:36:43",AV. GRAU FRENTE CUARTEL BARBONES    - EL AGUSTINO,INCENDIO / VEHICULO / AUTOMOVIL / VIA PUBLICA,CERRADO,"[""M2-1"",""M2-5"",""M176-1""]",-12.0531823598874,-77.0114913699102,1,"2021-08-06 18:27:43","2021-08-07 17:27:45",#D32F2F
145,,"2021020969","2021-08-06 20:13:39",CARRETERAS - PANAMERICANAS PANAMERICANA NORTE 36.16    - PUENTE PIEDRA,INCENDIO / ESTRUCTURAS / VIVIENDA / MATERIAL NOBLE,CERRADO,"[""M75-1"",""AMB-150"",""M184-1"",""M164-1""]",-11.8284604456924,-77.1196832725517,1,"2021-08-06 20:28:01","2021-08-07 19:27:44",#D32F2F
146,,"2021020979","2021-08-06 21:03:15",AV. RICARDO TIZON Y BUENO  595  - JESUS MARIA,INCENDIO / ESTRUCTURAS / VIVIENDA / MATERIAL NOBLE,CERRADO,"[""M36-1"",""MED-36"",""RES-4"",""RES-202""]",-12.0791122446897,-77.0507686307566,1,"2021-08-06 21:27:44","2021-08-07 20:27:43",#D32F2F
147,,"2021021003","2021-08-07 02:00:25",CL. EUSEBIO DEL LLANO ZAPATA  332  - MIRAFLORES,INCENDIO / ESTRUCTURAS / VIVIENDA / MATERIAL NOBLE,CERRADO,"[""M100-1"",""M28-1"",""MED-202"",""RES-4""]",-12.1102437348434,-77.0395293017111,1,"2021-08-07 02:27:44","2021-08-08 01:27:43",#D32F2F
148,,"2021021022","2021-08-07 05:14:08",AV. MARCO POLO MZ C 1 LT 21  000  - SAN MARTIN DE PORRES,INCENDIO / ESTRUCTURAS / VIVIENDA / MATERIAL NOBLE,CERRADO,"[""M65-1"",""AMB-21"",""RES-168"",""M65-5""]",-12.010601510544,-77.0569642858432,1,"2021-08-07 05:27:44","2021-08-08 04:27:42",#D32F2F
149,,"2021021020","2021-08-07 05:01:46",JR. ZORRITOS  800  - LIMA,INCENDIO / ESTRUCTURAS / VIVIENDA / MATERIAL NOBLE,CERRADO,"[""M14-1"",""M3-1"",""AMB-14"",""RES-3""]",-12.0496543728332,-77.0500871144236,1,"2021-08-07 05:27:44","2021-08-08 04:27:43",#D32F2F
150,,"2021021041","2021-08-07 14:56:05",AV. JOSE GALVEZ  1225  - BELLAVISTA,INCENDIO / ESTRUCTURAS / VIVIENDA / MATERIAL NOBLE,ATENDIENDO,"[""M7-5"",""AMB-1"",""M15-1""]",-12.0661981537714,-77.1242011980766,1,"2021-08-07 15:27:46","2021-08-08 14:27:44",#D32F2F
151,,"2021021119","2021-08-08 03:02:20",AH. DANIEL ALCIDES CARRION MZ. D1 LT 2    - SAN MARTIN DE PORRES,INCENDIO / ESTRUCTURAS / VIVIENDA / MATERIAL NOBLE,CERRADO,"[""M168-1"",""AMB-9"",""RES-168"",""M9-1""]",-12.0125102563241,-77.0814602861553,1,"2021-08-08 03:27:44","2021-08-09 02:27:44",#D32F2F
152,,"2021021131","2021-08-08 05:25:41",PR. EL RETABLO  1900  - COMAS,INCENDIO / VEHICULO / AUTOMOVIL / VIA PUBLICA,CERRADO,"[""M168-1"",""M164-1"",""M124-1""]",-11.9161073112082,-77.0509901103547,1,"2021-08-08 06:27:42","2021-08-09 04:27:45",#D32F2F
153,,"2021021142","2021-08-08 09:46:11",JR. OTUZCO  900  - LIMA,INCENDIO / ESTRUCTURAS / VIVIENDA / MATERIAL NOBLE,CERRADO,"[""M3-1"",""M65-1"",""AMB-3"",""RES-10""]",-12.0377725283859,-77.0571959637104,1,"2021-08-08 10:27:44","2021-08-09 09:27:43",#D32F2F
154,,"2021021139","2021-08-08 08:34:17",CARRETERAS - PANAMERICANAS CARRETERA CENTRAL 20    - CHACLACAYO,"INCENDIO / FORESTAL / TERRENO DE CULTIVO,CHACRA, OTROS",CERRADO,"[""M115-1"",""M169-1"",""CIS-IV"",""AMB-32-2"",""M32-1"",""M96-1""]",-11.985566640918,-76.8094436403276,1,"2021-08-08 10:27:44","2021-08-09 08:27:43",#D32F2F
155,,"2021021171","2021-08-08 16:48:55",AV. LOS INCAS (4)  900  - COMAS,INCENDIO / OTROS / CHIMENEA,CERRADO,"[""M168-1"",""M164-1"",""M124-1""]",-11.9144331,-77.0490126,1,"2021-08-08 17:27:43","2021-08-09 16:27:42",#D32F2F
156,,"2021021187","2021-08-08 21:09:04",UNION CHALACA NÃ‚Âº 1    - CALLAO,INCENDIO / ESTRUCTURAS / VIVIENDA / MATERIAL NOBLE,CERRADO,"[""M1-1"",""M9-1"",""M15-1""]",-12.0124205285011,-77.1040168549045,1,"2021-08-08 22:27:44","2021-08-09 20:27:41",#D32F2F
157,,"2021021210","2021-08-09 02:27:25",A.H SANTISIMO SALVADOR MZ M LT 1    - PACHACAMAC,INCENDIO / ESTRUCTURAS / VIVIENDA / MATERIAL NOBLE,CERRADO,"[""M155-1"",""M105-1"",""AMB-129"",""M160-1""]",-12.2111918232441,-76.9001513906871,1,"2021-08-09 02:27:44","2021-08-10 01:27:41",#D32F2F
158,,"2021021284","2021-08-09 23:21:54",AV. PARQUE DE LAS LEYENDAS  252  - SAN MIGUEL,INCENDIO / ESTRUCTURAS / VIVIENDA / MATERIAL NOBLE,CERRADO,"[""M83-1"",""M36-1"",""AMB-60"",""RES-202""]",-12.0760130638097,-77.0878922065878,1,"2021-08-09 23:27:42","2021-08-10 22:27:43",#D32F2F
159,,"2021021320","2021-08-10 06:50:36",AV. TOMAS VALLE  1110  - LOS OLIVOS,INCENDIO / ESTRUCTURAS / ALMACEN - DEPOSITO,CERRADO,"[""M168-1"",""AMB-60"",""RES-168"",""RES-65"",""M9-1"",""M60-1""]",-12.0111777943663,-77.0723194075357,1,"2021-08-10 07:27:43","2021-08-11 06:27:41",#D32F2F
160,,"2021021318","2021-08-10 06:15:30",AV. LOS ALISOS CRUCE CON AV. UNIVERSITARIA NORTE LOS OLIVOS    - LOS OLIVOS,ACCIDENTE VEHICULAR / PARTICULAR / AUTOMOVIL,CERRADO,"[""M168-1"",""AMB161-2"",""AMB-124"",""RES-168"",""RES-65""]",-11.9831348062525,-77.0786636306569,1,"2021-08-10 07:27:43","2021-08-11 05:27:42",#E65100
161,,"2021021365","2021-08-10 21:10:38",CL. LOS CODORNICES MZ D LOTE  1  900  - SAN JUAN DE LURIGANCHO,INCENDIO / ESTRUCTURAS / VIVIENDA / MATERIAL NOBLE,CERRADO,"[""M176-1"",""M21-1"",""AMB-121"",""RES-121""]",-12.0148568444379,-76.9976330962731,1,"2021-08-10 21:27:44","2021-08-11 20:27:43",#D32F2F
162,,"2021021411","2021-08-11 08:14:19",AV. 28 DEJULIO CRUCE CON JR. WASHINGTON LIMA    - LIMA,ACCIDENTE VEHICULAR / PARTICULAR / AUTOMOVIL,CERRADO,"[""M14-1"",""M14-1"",""AMB10-2"",""AMB10-2"",""RES-10"",""RES-10""]",-12.0644051950919,-77.0387838469132,1,"2021-08-11 10:27:42","2021-08-12 07:27:43",#E65100
163,,"2021021417","2021-08-11 12:25:48",CENTRO COMERCIAL POLVOS AZULES,SERVICIO ESPECIAL / PREVENCION - CAPACITACION / SIMULACROS,CERRADO,"[""M8-1"",""M10-1"",""AMB-14"",""AMB8-2"",""ESC-3""]",-12.061904,-77.034148,1,"2021-08-11 13:27:42","2021-08-12 11:27:42",#40C4FF
164,,"2021021509","2021-08-12 02:49:38",AV. MARISCAL RAMON CASTILLA (LOS TALLANES)  1600  - SANTIAGO DE SURCO,INCENDIO / ESTRUCTURAS / VIVIENDA / MATERIAL NOBLE,CERRADO,"[""M134-1"",""M16-1"",""MED-28"",""MED-16"",""RES-28""]",-12.1375831112388,-77.0027815364887,1,"2021-08-12 03:27:43","2021-08-13 02:27:45",#D32F2F
165,,"2021021506","2021-08-12 02:28:26",AS. JUAN PABLO II B    - SAN MARTIN DE PORRES,INCENDIO / ESTRUCTURAS / VIVIENDA / MATERIAL NOBLE,CERRADO,"[""M168-1"",""AMB-124"",""RES-168"",""M9-1"",""M60-1""]",-11.9885625484263,-77.0881741344168,1,"2021-08-12 03:27:43","2021-08-13 02:27:46",#D32F2F
166,,"2021021514","2021-08-12 04:57:28",JR. CORPANCHO (INDIO CAICEDO) CRUCE CON AV. GENERAL FRANCISCO BOLOGNESI (PANAMA) BARRANCO    - BARRANCO,INCENDIO / ESTRUCTURAS / VIVIENDA / MATERIAL NOBLE,CERRADO,"[""M16-1"",""MED-16"",""M13-1""]",-12.1503717846691,-77.020110573854,1,"2021-08-12 05:27:43","2021-08-13 04:27:46",#D32F2F
167,,"2021021542","2021-08-12 16:20:12",PR. TACNA  224  - RIMAC,INCENDIO / VEHICULO / AUTOMOVIL / VIA PUBLICA,ATENDIENDO,"[""M21-1"",""M2-1"",""RESLIG-21""]",-12.038515003724,-77.0319492636188,1,"2021-08-12 17:27:43","2021-08-13 15:27:52",#D32F2F
168,,"2021021566","2021-08-12 19:17:41",CL. LOS GERANIOS  108  - ATE,INCENDIO / ESTRUCTURAS / VIVIENDA / MATERIAL NOBLE,CERRADO,"[""M176-1"",""M127-1"",""M2-1"",""M2-5"",""M4-1"",""AMB-176"",""AMB8-2"",""RES138"",""RESLIG-2""]",-12.0629873546468,-76.9950672317986,1,"2021-08-12 19:27:48","2021-08-13 18:28:00",#D32F2F
169,,"2021021572","2021-08-12 20:40:49",PJ. JOSE OLAYA (LOS HEROES)  000  - CHORRILLOS,INCENDIO / ESTRUCTURAS / VIVIENDA / MATERIAL NOBLE,CERRADO,"[""M120-1"",""M134-1"",""MED-28"",""M13-1""]",-12.2014786185407,-76.9817075267128,1,"2021-08-12 21:27:45","2021-08-13 20:27:59",#D32F2F
170,,"2021021578","2021-08-12 21:52:48",CL. MONTE BLANCO  236  - SANTIAGO DE SURCO,INCENDIO / ESTRUCTURAS / VIVIENDA / MATERIAL NOBLE,CERRADO,"[""M134-1"",""AMB-11"",""M11-1"",""RES-28""]",-12.1134873595818,-76.9858636879236,1,"2021-08-12 22:27:45","2021-08-13 21:27:55",#D32F2F
171,,"2021021587","2021-08-12 23:30:07",AV. RICARDO PALMA  240  - MIRAFLORES,INCENDIO / ESTRUCTURAS / VIVIENDA / MATERIAL NOBLE,ATENDIENDO,"[""M16-1"",""MED-28"",""RES-11"",""M11-1"",""RES-28""]",-12.1192359590265,-77.0270528886931,1,"2021-08-13 00:27:48","2021-08-13 23:27:48",#D32F2F
172,,"2021021618","2021-08-13 03:29:59",AV. DE LOS CONSTRUCTORES (D) CRUCE AV LA MOLINA  100  - LA MOLINA,MATERIALES PELIGROSOS (INCIDENTE) / FUGA GAS GLP Y OTROS GASES INFLAM / EN VEHICULO,CERRADO,"[""M127-1"",""AMB-11"",""RES138"",""RES-127"",""M96-1""]",-12.0678261788227,-76.9582170172486,1,"2021-08-13 04:27:46","2021-08-14 03:27:48",#757575
173,,"2021021625","2021-08-13 05:11:50",AV. INCA GARCILAZO DE LA VEGA (WILSON) CRUCE CON AV. 9 DE DICIEMBRE (PASEO COLON) LIMA    - LIMA,ACCIDENTE VEHICULAR / PARTICULAR / AUTOMOVIL,CERRADO,"[""M14-1"",""AMB10-2"",""AMB-2"",""AMB-3"",""AMB-14"",""RES-2""]",-12.0598235902352,-77.0379506685315,1,"2021-08-13 05:27:45","2021-08-14 04:27:46",#E65100
174,,"2021021628","2021-08-13 06:30:55",CL. LAS BEGONIAS  135  - INDEPENDENCIA,INCENDIO / VEHICULO / AUTOMOVIL / VIA PUBLICA,CERRADO,"[""M65-1"",""AMB-168"",""M65-5""]",-11.9988263740252,-77.0504746397968,1,"2021-08-13 07:27:46","2021-08-14 06:27:46",#D32F2F
175,,"2021021630","2021-08-13 08:09:36",AV. TUPAC AMARU  2300  - CARABAYLLO,INCENDIO / ESTRUCTURAS / VIVIENDA / MATERIAL NOBLE,CERRADO,"[""AMB-150"",""M164-1"",""M124-1""]",-11.8837789484045,-77.0234849374501,1,"2021-08-13 08:27:47","2021-08-14 07:27:46",#D32F2F
176,,"2021021634","2021-08-13 10:32:20",AV. CONSTELACION  2651  - SAN JUAN DE LURIGANCHO,INCENDIO / ESTRUCTURAS / VIVIENDA / MATERIAL NOBLE,ATENDIENDO,"[""M176-1"",""M21-1"",""AMB-2"",""RES-121""]",-11.9848889792635,-77.0117690636965,1,"2021-08-13 11:27:48","2021-08-14 10:27:45",#D32F2F
177,,"2021021651","2021-08-13 14:50:02",JR. JOSE GABRIEL AGUILAR SEGURA  200  - SANTIAGO DE SURCO,INCENDIO / ESTRUCTURAS / VIVIENDA / MATERIAL NOBLE,ATENDIENDO,"[""MED-28"",""M13-1"",""RES-28""]",-12.1584682859941,-76.9847784632599,1,"2021-08-13 15:27:52","2021-08-14 14:27:45",#D32F2F
178,,"2021021670","2021-08-13 17:58:48",AV. OSCAR R. BENAVIDES (COLONIAL)  5048  - BELLAVISTA,INCENDIO / ESTRUCTURAS / VIVIENDA / MATERIAL NOBLE,CERRADO,"[""M60-5"",""M7-5"",""AMB-60"",""RES-83""]",-12.0528058477911,-77.0927936743648,1,"2021-08-13 18:28:00","2021-08-14 17:27:45",#D32F2F
179,,"2021021684","2021-08-13 19:49:36",CL. PABLO ALAS  749  - SAN JUAN DE MIRAFLORES,INCENDIO / ESTRUCTURAS / VIVIENDA / MATERIAL NOBLE,CERRADO,"[""M105-1"",""AMB-11"",""RES-11"",""M106-1""]",-12.1609577919281,-76.9689250098494,1,"2021-08-13 20:27:59","2021-08-14 19:27:44",#D32F2F
180,,"2021021698","2021-08-13 22:09:55",PISCO PLAYA LA JOYA,EMERGENCIA MEDICA / TRAUMATICAS / HERIDO POR CAIDA,ATENDIENDO,"[""M37-3"",""AMB-90"",""AMB-157"",""RESLIG37"",""AUX-157""]",-13.6674516,-76.2119295,1,"2021-08-13 22:27:50","2021-08-14 21:27:44",#1565C0
181,,"2021021705","2021-08-13 22:53:35",AV. PRINCIPAL (CARAPONGO)  000  - LURIGANCHO,INCENDIO / ESTRUCTURAS / ALMACEN - DEPOSITO,CERRADO,"[""M169-1"",""M138-1"",""M138-4"",""M121-1"",""M176-1"",""M21-1"",""M2-1"",""M115-2"",""M8-1"",""CIST25CD1"",""CIST-V"",""AMB-127"",""RES-21"",""RES-236"",""ESC-3"",""ELEC-36"",""M96-1"",""M8-5"",""M32-1"",""PC-14""]",-12.0014488249241,-76.8568350708837,1,"2021-08-13 23:27:48","2021-08-14 22:27:44",#D32F2F
182,,"2021021721","2021-08-14 01:39:59",MALECON MANCO CAPAC 616    - CHACLACAYO,INCENDIO / ESTRUCTURAS / VIVIENDA / MATERIAL NOBLE,CERRADO,"[""M115-2"",""M115-1"",""M32-1""]",-11.975169,-76.771609,1,"2021-08-14 02:27:48","2021-08-15 01:27:44",#D32F2F
183,,"2021021746","2021-08-14 06:59:22",PJ. SANTA ROSA 62 LT 3    - PUENTE PIEDRA,INCENDIO / ESTRUCTURAS / VIVIENDA / MATERIAL NOBLE,CERRADO,"[""M150-1"",""M75-1"",""M184-1"",""M124-1""]",-11.872005210232,-77.0826473127415,1,"2021-08-14 07:27:46","2021-08-15 06:27:43",#D32F2F
184,,"2021021780","2021-08-14 15:58:32",PJ. SANTA ROSA DE LAS CONCHITAS  mz I  LT  1    - VILLA MARIA DEL TRIUNFO,INCENDIO / ESTRUCTURAS / VIVIENDA / MATERIAL NOBLE,CERRADO,"[""M105-1"",""RES-120"",""M106-1""]",-12.2057288238645,-76.9243669573075,1,"2021-08-14 16:27:45","2021-08-15 15:27:44",#D32F2F
185,,"2021021778","2021-08-14 15:33:07",AH. HUASCATA MZ B  LT  1    - CHACLACAYO,INCENDIO / ESTRUCTURAS / VIVIENDA / MATERIAL NOBLE,CERRADO,"[""M169-1"",""M115-2"",""AMB-32-2"",""M32-1""]",-11.9943919669186,-76.8215948532467,1,"2021-08-14 16:27:45","2021-08-15 15:27:46",#D32F2F
186,,"2021021799","2021-08-14 19:51:40",JR. ANTONIO MIROQUESADA  1508  - LIMA,INCENDIO / ESTRUCTURAS / VIVIENDA / MATERIAL NOBLE,CERRADO,"[""M8-1"",""M21-1"",""M14-1"",""AMB10-2"",""RES-21""]",-12.052237796071,-77.0135044915219,1,"2021-08-14 20:27:44","2021-08-15 19:27:44",#D32F2F
187,,"2021021840","2021-08-15 02:00:57",MA. DE LA MARINA  1000  - MIRAFLORES,RESCATE / ACANTILADO / CON ACCESO INFERIOR,CERRADO,"[""AMB100-2"",""RES-100"",""RESLIG-100"",""RES-28"",""PC-28"",""PLT-28""]",-12.1123433065814,-77.0503469667559,1,"2021-08-15 02:27:44","2021-08-16 01:27:44",#FFD600
188,,"2021021871","2021-08-15 10:11:02",JR. PILCOMAYO  517  - BREÑA,INCENDIO / ESTRUCTURAS / VIVIENDA / MATERIAL NOBLE,CERRADO,"[""M14-1"",""M3-1"",""MED-36"",""RES-202""]",-12.0580628264346,-77.0553650943768,1,"2021-08-15 10:27:45","2021-08-16 09:28:07",#D32F2F
189,,"2021021869","2021-08-15 09:13:34",PR. LUCANAS (PARINACOCHAS) CRUCE CON AV. JAIME BAUSATE Y MEZA (BOLIVAR) LA VICTORIA    - LA VICTORIA,ACCIDENTE VEHICULAR / PARTICULAR / AUTOMOVIL,CERRADO,"[""M2-1"",""AMB10-2"",""AMB8-2"",""RES-10"",""RES-2""]",-12.0631418355964,-77.0187305538848,1,"2021-08-15 10:27:45","2021-08-16 08:27:45",#E65100
190,,"2021021877","2021-08-15 12:12:49",AV. CESAR VALLEJO CRUCE CON AV. MICAELA BASTIDAS VILLA EL SALVADOR    - VILLA EL SALVADOR,INCENDIO / ESTRUCTURAS / VIVIENDA / MATERIAL NOBLE,CERRADO,"[""M105-1"",""RES-105"",""M106-1""]",-12.2160245785901,-76.9416806796672,1,"2021-08-15 12:27:45","2021-08-16 11:27:43",#D32F2F
191,,"2021021938","2021-08-15 20:13:19",AV. HUANDOY CRUCE CON AV. CENTRAL LOS OLIVOS    - LOS OLIVOS,INCENDIO / ESTRUCTURAS / VIVIENDA / MATERIAL NOBLE,CERRADO,"[""M168-1"",""M161-1"",""M150-1"",""M65-1"",""AMB-168"",""RESLIG-161"",""M124-1""]",-11.959428052184,-77.0760789544818,1,"2021-08-15 20:27:45","2021-08-16 19:27:46",#D32F2F
192,,"2021021989","2021-08-16 05:39:50",JR. ALFONSO BERNAL MONTOYA  204  - SAN MARTIN DE PORRES,INCENDIO / ESTRUCTURAS / VIVIENDA / MATERIAL NOBLE,CERRADO,"[""M65-1"",""AMB161-2"",""RES-21"",""M9-1""]",-12.012019651057,-77.0680354880769,1,"2021-08-16 06:27:44","2021-08-17 05:27:46",#D32F2F
193,,"2021022012","2021-08-16 15:46:42",CL. JOSE OLAYA /VALLECITO ALTO  700  - VILLA MARIA DEL TRIUNFO,INCENDIO / OTROS / CHIMENEA,CERRADO,"[""M134-1"",""M11-1"",""M106-1""]",-12.1426965946352,-76.9418643673272,1,"2021-08-16 16:27:44","2021-08-17 15:27:49",#D32F2F
194,,"2021022020","2021-08-16 17:03:54",CL. LUIS BERNALES GARCIA (RICARDO ANGULO RAMIREZ) (LOS CENCERILLOS)  1200  - SAN ISIDRO,INCENDIO / TERRENO BALDIO,CERRADO,"[""M28-1"",""MED-28"",""M11-1""]",-12.1233734138944,-77.0176210203162,1,"2021-08-16 17:27:43","2021-08-17 16:28:28",#D32F2F
195,,"2021022022","2021-08-16 17:42:34",AV. GUARDIA CHALACA CRUCE CON AV. REPUBLICA ARGENTINA CALLAO    - CALLAO,ACCIDENTE VEHICULAR / PARTICULAR / AUTOMOVIL,CERRADO,"[""M1-1"",""AMB-1"",""AMB-60"",""AMB-34"",""M7-1""]",-12.0518511611942,-77.1399784932426,1,"2021-08-16 18:27:45","2021-08-17 17:34:47",#E65100
196,,"2021022061","2021-08-16 23:59:39",CL. LAS FRAGUAS  100  - INDEPENDENCIA,INCENDIO / ESTRUCTURAS / VIVIENDA / MATERIAL NOBLE,CERRADO,"[""M168-1"",""M161-1"",""AMB-168"",""M124-1""]",-11.9780645202403,-77.0606199355522,1,"2021-08-17 00:27:44","2021-08-17 23:27:46",#D32F2F
197,,"2021022077","2021-08-17 01:45:27",AV. SAENZ PEÃƒÆ’Ã†â€™Ãƒâ€ Ã¢â‚¬â„¢ÃƒÆ’Ã¢â‚¬Â ÃƒÂ¢Ã¢â€šÂ¬Ã¢â€žÂ¢ÃƒÆ’Ã†â€™ÃƒÂ¢Ã¢â€šÂ¬Ã‚Â ÃƒÆ’Ã‚Â¢ÃƒÂ¢Ã¢â‚¬Å¡Ã‚Â¬ÃƒÂ¢Ã¢â‚  893  - CALLAO,INCENDIO / ESTRUCTURAS / VIVIENDA / MATERIAL NOBLE,CERRADO,"[""M1-1"",""M5-1"",""AMB-1"",""M7-1""]",-12.0600925160899,-77.1362577317468,1,"2021-08-17 02:27:44","2021-08-18 01:39:03",#D32F2F
198,,"2021022090","2021-08-17 04:12:00",AV. RAMON CARCAMO  587  - LIMA,INCENDIO / ESTRUCTURAS / VIVIENDA / MATERIAL NOBLE,CERRADO,"[""M3-1"",""M14-1"",""M2-1"",""AMB-3"",""RES-10""]",-12.0464173475914,-77.0506630096768,1,"2021-08-17 04:27:46","2021-08-18 03:27:43",#D32F2F
199,,"2021022087","2021-08-17 03:33:46",JR. CUSCO  900  - CALLAO,INCENDIO / ESTRUCTURAS / VIVIENDA / MATERIAL NOBLE,CERRADO,"[""M1-1"",""M5-1"",""AMB-1"",""M7-1""]",-12.0537442527631,-77.1346637316041,1,"2021-08-17 04:27:46","2021-08-18 03:27:43",#D32F2F
200,,"2021022115","2021-08-17 14:59:52",CL. CONTRALMIRANTE MORA CRUCE CON CL. JOSE DE LA TORRE UGARTE VILLA MARIA DEL TRIUNFO    - VILLA MARIA DEL TRIUNFO,INCENDIO / ESTRUCTURAS / VIVIENDA / MATERIAL NOBLE,CERRADO,"[""M120-1"",""AMB11-2"",""M106-1""]",-12.1801169776238,-76.9486908313837,1,"2021-08-17 15:27:49","2021-08-18 14:27:42",#D32F2F
